image_id,identifier,response,time_taken,actual,correct,,
795_clear.png,carly,0,20.37033129,0,TRUE,,
365_clear.png,carly,0,3.872494698,0,TRUE,,
2137_infected.png,carly,1,8.98966217,1,TRUE,,
1767_conidiophore.png,carly,2,5.766497612,2,TRUE,,
1209_clear.png,carly,0,8.915284872,0,TRUE,,
2079_conidiophore.png,carly,2,3.529850483,2,TRUE,,
753_clear.png,carly,0,4.822740555,0,TRUE,,
2021_infected.png,carly,1,24.47006559,1,TRUE,,
132_clear.png,carly,0,11.54486609,0,TRUE,,
790_infected.png,carly,1,5.246414423,1,TRUE,,
399_infected.png,carly,1,9.857298613,1,TRUE,,
1912_clear.png,carly,0,11.45356417,0,TRUE,,
511_conidiophore.png,carly,2,15.47298598,2,TRUE,,
114_clear.png,carly,0,3.915722847,0,TRUE,,
1347_conidiophore.png,carly,2,9.716003418,2,TRUE,,
1940_conidiophore.png,carly,2,24.86116409,2,TRUE,,
1433_infected.png,carly,1,5.963460445,1,TRUE,,
1452_conidiophore.png,carly,2,2.414532661,2,TRUE,,
1961_conidiophore.png,carly,2,10.32628107,2,TRUE,,
1983_infected.png,carly,1,9.607646942,1,TRUE,,
293_conidiophore.png,carly,2,3.211086273,2,TRUE,,
1247_clear.png,carly,0,3.841338634,0,TRUE,,
567_conidiophore.png,carly,2,5.424215794,2,TRUE,,
1754_conidiophore.png,carly,1,25.5051651,2,FALSE,,
1740_infected.png,carly,1,7.303755999,1,TRUE,,
103_clear.png,carly,0,5.27011466,0,TRUE,,
2140_clear.png,carly,0,3.53336215,0,TRUE,,
1607_conidiophore.png,carly,2,4.122918844,2,TRUE,,
1613_conidiophore.png,carly,2,4.129907131,2,TRUE,,
386_clear.png,carly,0,6.60838294,0,TRUE,,
1407_clear.png,carly,0,5.482209206,0,TRUE,,
2177_clear.png,carly,0,6.959378242,0,TRUE,,
1660_conidiophore.png,carly,2,2.640657187,2,TRUE,,
924_clear.png,carly,0,11.60780239,0,TRUE,,
988_conidiophore.png,carly,2,2.634999275,2,TRUE,,
99_conidiophore.png,carly,2,11.37866354,2,TRUE,,
352_conidiophore.png,carly,2,9.578450203,2,TRUE,,
439_conidiophore.png,carly,2,20.08394265,2,TRUE,,
2082_infected.png,carly,1,6.388929844,1,TRUE,,
2179_conidiophore.png,carly,2,2.53275156,2,TRUE,,
1884_clear.png,carly,0,7.996787548,0,TRUE,,
419_infected.png,carly,1,7.76854825,1,TRUE,,
1812_infected.png,carly,1,15.43860984,1,TRUE,,
334_infected.png,carly,1,5.134200573,1,TRUE,,
1545_conidiophore.png,carly,2,3.542286158,2,TRUE,,
2003_infected.png,carly,1,6.241266966,1,TRUE,,
221_clear.png,carly,0,3.828456402,0,TRUE,,
2068_clear.png,carly,0,4.440205812,0,TRUE,,
1084_clear.png,carly,0,4.180600405,0,TRUE,,
2074_infected.png,carly,1,6.65145874,1,TRUE,,
1493_clear.png,carly,0,5.466323853,0,TRUE,,
1116_conidiophore.png,carly,2,12.58945608,2,TRUE,,
1365_infected.png,carly,1,7.261821747,1,TRUE,,
1394_conidiophore.png,carly,2,15.60855865,2,TRUE,,
4_conidiophore.png,carly,2,3.354959965,2,TRUE,,
1181_infected.png,carly,0,6.507269859,1,FALSE,,
277_infected.png,carly,1,13.27711034,1,TRUE,,
1375_clear.png,carly,0,5.923280954,0,TRUE,,
1126_conidiophore.png,carly,2,2.820718765,2,TRUE,,
2056_infected.png,carly,1,5.05298233,1,TRUE,,
17_conidiophore.png,carly,2,5.097179413,2,TRUE,,
507_infected.png,carly,1,12.43225408,1,TRUE,,
11_clear.png,carly,1,11.15130568,0,FALSE,,
616_infected.png,carly,0,4.785694361,1,FALSE,,
1513_infected.png,carly,1,3.969950199,1,TRUE,,
812_conidiophore.png,carly,2,2.493272305,2,TRUE,,
1783_infected.png,carly,1,8.788064241,1,TRUE,,
1700_conidiophore.png,carly,2,2.690660477,2,TRUE,,
1244_clear.png,carly,0,5.505198002,0,TRUE,,
1070_infected.png,carly,1,3.306121111,1,TRUE,,
1027_clear.png,carly,0,2.853188515,0,TRUE,,
1993_conidiophore.png,carly,2,4.17691493,2,TRUE,,
1164_infected.png,carly,1,7.248857021,1,TRUE,,
682_clear.png,carly,0,4.094116449,0,TRUE,,
1670_conidiophore.png,carly,2,5.91515708,2,TRUE,,
474_infected.png,carly,1,5.914344549,1,TRUE,,
130_infected.png,carly,1,4.927637339,1,TRUE,,
1135_clear.png,carly,0,6.101875067,0,TRUE,,
858_clear.png,carly,0,3.242273331,0,TRUE,,
2206_infected.png,carly,1,3.078757048,1,TRUE,,
1614_infected.png,carly,1,3.637391329,1,TRUE,,
116_conidiophore.png,carly,2,2.300092936,2,TRUE,,
1745_clear.png,carly,0,3.243166924,0,TRUE,,
124_conidiophore.png,carly,2,2.810048342,2,TRUE,,
513_clear.png,carly,0,3.329493999,0,TRUE,,
1408_conidiophore.png,carly,2,5.581350088,2,TRUE,,
2014_clear.png,carly,0,11.48465252,0,TRUE,,
447_clear.png,carly,0,10.35936785,0,TRUE,,
437_conidiophore.png,carly,2,2.767497063,2,TRUE,,
891_clear.png,carly,0,5.441675663,0,TRUE,,
1211_infected.png,carly,1,7.103360415,1,TRUE,,
1962_conidiophore.png,carly,2,6.02923274,2,TRUE,,
174_clear.png,carly,0,5.659324646,0,TRUE,,
1186_conidiophore.png,carly,2,8.464949846,2,TRUE,,
1652_clear.png,carly,0,8.815743446,0,TRUE,,
1789_conidiophore.png,carly,2,27.65365863,2,TRUE,,
1501_infected.png,carly,1,8.501382351,1,TRUE,,
2019_infected.png,carly,1,6.85055685,1,TRUE,,
,,,,,,,
,,,,,,,
,,,,,,,
,,,,,,Correct:,94
,,,,,,Incorrect:,4
,,,,,,Average Time:,7.451485405
,,,,,,Std_Dev:,5.312924864
