Wall time,Epoch,F1_macro_val,F1_sporulating_val,Val_loss,Train_loss,Precision_macro,Recall_macro,F1_infected_val
1769498276,1,96.23820496,97.26383972,0.09312176,0.154327527,96.87152863,95.62689209,95.21258545
1769498382,2,96.94641113,97.39073181,0.08326181,0.1049724,97.64425659,96.27002716,96.50209045
1769498484,3,97.29618073,97.75024414,0.076037951,0.092571057,97.89610291,96.71321869,96.84210968
1769498594,4,97.12421417,97.14286041,0.076639876,0.086279742,97.59036255,96.68125916,97.10556793
1769498698,5,97.22329712,97.65319824,0.074212566,0.082840152,97.27196503,97.1753006,96.79338837
1769498803,6,97.30982208,97.81830597,0.073014438,0.080367386,98.23051453,96.43183899,96.8013382
1769498911,7,97.29263306,97.58609772,0.073532529,0.078822963,97.44509125,97.18558502,96.99916077
1769499015,8,97.77367401,98.08004761,0.066864632,0.074468054,97.81672668,97.73288727,97.46730042
1769499121,9,96.69705963,97.79077911,0.086278573,0.073663332,95.2208786,98.24478912,95.60333252
1769499214,10,97.38488007,97.48223877,0.073184602,0.071890041,96.70430756,98.07815552,97.28752136
1769499309,11,97.15504456,97.05506134,0.072170012,0.069926009,96.67315674,97.68031311,97.25502777
1769499417,12,97.02812195,97.7575531,0.090572186,0.068208463,95.88391876,98.21215057,96.2986908
1769499519,13,97.4841156,97.82255554,0.068043634,0.067211576,97.30239868,97.66761017,97.14568329
1769499622,14,97.83017731,97.99671936,0.063450634,0.065567598,98.37361908,97.2928009,97.66362762
1769499728,15,97.60503387,97.85574341,0.064067058,0.065309346,98.14511871,97.09008789,97.35431671
1769499839,16,97.32131195,97.36585999,0.072817691,0.063976511,97.18795776,97.45599365,97.27677155
1769499948,17,97.40290833,97.87512207,0.068917997,0.062183179,97.51503754,97.29108429,96.93069458
1769500052,18,97.55242157,97.71986389,0.068029627,0.060489982,97.63506317,97.47144318,97.38497925
1769500150,19,97.40216827,97.54680634,0.074471183,0.059307743,97.56550598,97.26976776,97.25752258
1769500261,20,97.63570404,98.0188446,0.068607531,0.058466297,97.57580566,97.69921112,97.25256348
1769500378,21,97.87255859,98.20671844,0.062936723,0.050190225,97.91336823,97.83217621,97.53840637
1769500491,22,97.80056763,97.88892365,0.061561167,0.04827046,97.82384491,97.78235626,97.71220398
1769500593,23,97.73397064,97.75317383,0.059956461,0.048140462,98.19168854,97.28970337,97.71476746
1769500691,24,97.51980591,97.6729126,0.067932904,0.046101976,96.95485687,98.09430695,97.36668396
1769500799,25,97.7101593,97.92072296,0.063462123,0.044125721,97.69112396,97.73288727,97.49958801
1769500924,26,97.57366943,97.81972504,0.068187885,0.043672334,97.44689941,97.70128632,97.32761383
1769501039,27,97.78070068,97.65930176,0.063097291,0.043239176,98.06827545,97.50373077,97.90209961
1769501151,28,97.72439575,97.56729889,0.061957907,0.041046768,97.60445404,97.8493576,97.88149261
1769501256,29,97.74034882,97.71838379,0.065316856,0.040916085,97.92919159,97.554245,97.76231384
1769501356,30,97.84457397,97.72727203,0.061887629,0.040078141,97.82855988,97.8655014,97.96189117
1769501457,31,97.76069641,97.76191711,0.066920847,0.040409099,97.4130249,98.11217499,97.75947571
1769501574,32,97.68891907,97.68503571,0.069032677,0.037238728,97.60901642,97.76896667,97.69280243
1769501681,33,97.62834167,97.43923187,0.064778753,0.038751837,97.42867279,97.83321381,97.81745911
1769501793,34,97.94389343,97.87651062,0.065389857,0.036685482,98.236763,97.65353394,98.01127625
1769501900,35,97.9688797,98.00718689,0.066691399,0.035456534,98.61248016,97.33952332,97.93057251
1769502001,36,97.63327789,97.54680634,0.065080807,0.035148941,97.20088959,98.07781219,97.71975708
1769502112,37,97.64312744,97.52172089,0.071010537,0.033851705,97.18070984,98.1259079,97.76452637
1769502215,38,97.72179413,97.7575531,0.070353515,0.033303551,97.98406219,97.47006989,97.68603516
1769502332,39,97.78713226,97.69129181,0.069794558,0.032404792,98.84425354,96.75239563,97.88298035
1769502439,40,97.9655304,97.97253418,0.063339546,0.032647215,98.38093567,97.55458832,97.95851135
1769502542,41,97.92474365,97.94319916,0.065541908,0.027634915,98.31780243,97.53740692,97.90628815
1769502639,42,97.74533844,97.60207367,0.068359748,0.024502827,97.80189514,97.70024872,97.88860321
1769502739,43,97.69435883,97.72579956,0.071414784,0.024603264,97.3768692,98.01425934,97.66293335
1769502838,44,97.97413635,98.11321259,0.0693978,0.02327474,97.9203949,98.02937317,97.83506775
1769502936,45,97.76932526,97.68955231,0.074990131,0.022256382,97.78912354,97.75144196,97.84909821
1769503030,46,97.85430145,98.06874084,0.074563026,0.023190469,98.039505,97.67002106,97.63987732
1769503139,47,97.84503937,97.98570251,0.074343719,0.022148572,97.69593048,97.99639893,97.70437622
1769503241,48,97.8316803,97.92072296,0.076481193,0.021267837,97.56976318,98.09568024,97.74263
1769503343,49,97.57125092,97.67891693,0.084454492,0.019933265,96.60826111,98.55467224,97.46359253
1769503441,50,97.70849609,97.72875214,0.080791935,0.020252619,97.48937988,97.93112183,97.68825531
1769503539,51,97.75193787,97.83100128,0.078788534,0.01959274,97.39957428,98.11079407,97.67288208
1769503633,52,97.73178101,97.66081238,0.081361584,0.018044066,97.59971619,97.86618805,97.802742
1769503730,53,97.61531067,97.23294067,0.082243264,0.017258542,97.10752869,98.14378357,97.99768066
1769503819,54,97.73658752,97.63524628,0.083989203,0.01736277,97.41596222,98.06269836,97.83792114
1769503907,55,97.50179291,97.31998444,0.083949558,0.017720465,96.80490112,98.21111298,97.68359375
1769503996,56,97.85244751,97.85435486,0.083642118,0.016942635,97.79209137,97.9149704,97.8505249
1769504083,57,97.90930939,97.9125824,0.08740548,0.016932361,97.8693161,97.94933319,97.90602112
1769504171,58,97.77626038,97.67594147,0.088608429,0.017584298,98.21457672,97.34227753,97.87658691
1769504259,59,97.60836029,97.4609375,0.089682475,0.017431589,97.5140686,97.70334625,97.75577545
1769504347,60,97.79231262,97.91937256,0.089483082,0.015878258,97.45795441,98.12901306,97.66524506
1769504434,61,97.77281189,97.74288177,0.0827704,0.015639465,97.97400665,97.57245636,97.802742
1769504521,62,97.89797974,97.96987152,0.084577084,0.014158478,97.99454498,97.80264282,97.82609558
1769504608,63,97.64779663,97.54203796,0.094764657,0.015025982,97.29097748,98.01288605,97.75354767
1769504695,64,97.95362091,97.97781372,0.086391732,0.014202481,98.14167023,97.76759338,97.9294281
1769504782,65,97.80982971,97.81545258,0.083698049,0.014455224,97.81861115,97.80125427,97.80419159
1769504869,66,97.86688232,98.01626587,0.082834199,0.013481312,97.83808899,97.897789,97.71749878
1769504956,67,97.62792206,97.57376862,0.09816312,0.012550715,97.70081329,97.5580368,97.68206787
1769505044,68,97.71207428,97.77341461,0.090162061,0.013117754,97.68888092,97.73770905,97.65073395
1769505131,69,97.63598633,97.50080109,0.089761809,0.01418033,97.4250412,97.85004425,97.77117157
