"","filename","Human_Rater1","Human_Rater2","Human_Rater3","Human_Rater4","Human_Rater5","Mean_Human_Rating","Median_Human_Rating","sd_human_severity","n_humans","J26-severity_rate_patch","J26-GradCAM_union_sr","J26-Gradient-SG_union_sr","J26-DeepLift_union_sr","DeepLab-Feb04_00-32-07_2026","J26_05_fixed_Gradient-SG_sr2","J26_05_fixed_GradCAM_sr2","J26_05_fixed_DeepLift_sr2"
"1","001-W2021006-099_R2_10dpi",0,0,0,0,0,0,0,0,5,1.88,0.28,0.15,0.15,1.0919,0.14,0.53,0.09
"2","002-W2021006-081_R1_5dpi",0,0,0,0,0,0,0,0,5,0.46,0.13,0.22,0.18,1.8768,0.03,0.08,0.02
"3","002-W2021010-336_R2_5dpi",4,0,1,0,0,1,0,1.73205080756888,5,2.38,0.35,0.18,0.11,1.3131,0.16,0.65,0.07
"4","003-W2021006-150_R1_10dpi",0,2,0,0,0,0.4,0,0.894427190999916,5,0.32,0.03,0.02,0.02,0.6638,0.02,0.06,0.01
"5","004-NUGGET_R2_10dpi",50,40,55,30,35,42,40,10.3682206766639,5,37.63,15.23,23.08,13.33,9.477,3.5,10.42,1.84
"6","005-W2021011-592_R2_5dpi",0,0,1,0,1,0.4,0,0.547722557505166,5,0.56,0.09,0.05,0.04,1.6697,0.05,0.17,0.03
"7","009-W2021010-311_R2_5dpi",65,15,18,12,30,28,18,21.783020910792,5,22.93,3.42,1.95,1.49,1.8581,1.53,6.17,0.85
"8","010-W2021010-347_R2_5dpi",38,35,25,30.05,40,33.61,35,6.10004098346888,5,22.51,3.94,3.45,2.44,2.6364,1.57,6.09,1
"9","012-W2021011-458_R2_10dpi",0,0,0,0,0,0,0,0,5,0.44,0.1,0.04,0.1,0.867,0.02,0.11,0.02
"10","013-W2021009-172_R1_10dpi",5,4,7,0,8,4.8,5,3.11448230047949,5,2.25,0.41,0.61,0.42,0.4581,0.17,0.61,0.11
"11","013-W2021009-172_R2_5dpi",0,0,0,0,0,0,0,0,5,0.15,0.04,0.01,0.01,0.2919,0.01,0.05,0.01
"12","013-W2021011-633_R2_10dpi",25,35,40,30,50,36,35,9.61769203083567,5,28.04,8.8,11.91,7.45,7.3912,2.38,7.32,1.32
"13","015-W2021009-160_R1_5dpi",13,8,15,0,35,14.2,13,12.9884564132925,5,20.04,2.76,1.39,1.11,1.4218,1.21,5.19,0.7
"14","015-W2021010-355_R2_10dpi",0,2,4,0,25,6.2,2,10.6395488626163,5,3.02,0.4,0.2,0.18,0.623,0.19,0.69,0.11
"15","015-W2021011-633_R1_5dpi",23,15,18,0,20,15.2,18,8.98331787259028,5,14.08,2.26,1.17,0.98,2.9106,1.11,4.22,0.62
"16","017-W2021006-612_R2_5dpi",40,30,30,20,55,35,30,13.228756555323,5,28.87,4.41,2.28,2.13,2.6632,2.14,8.25,1.31
"17","017-W2021010-405_R2_10dpi",0,0,0,0,0,0,0,0,5,0.14,0.07,0.11,0.1,2.2198,0.01,0.05,0.01
"18","018-W2021010-405_R1_10dpi",0,0,0,0,0,0,0,0,5,3.65,0.54,0.34,0.3,9.7227,0.26,0.9,0.16
"19","018-W2021010-405_R2_10dpi",0,0,0,0,0,0,0,0,5,0,0,0,0,2.0115,0,0,0
"20","019-W2021010-428_R2_5dpi",0,0,0,0,1,0.2,0,0.447213595499958,5,0,0,0,0,2.1198,0,0,0
"21","021-W2021009-175_R1_5dpi",7,6,4,0,3,4,4,2.73861278752583,5,1.3,0.22,0.19,0.1,0.5319,0.11,0.4,0.05
"22","022-W2021009-198_R2_5dpi",5,0,1,0,1,1.4,1,2.07364413533277,5,6.6,1.01,0.56,0.44,1.6686,0.53,2.08,0.27
"23","023-W2021006-049_R1_5dpi",25,20,10,15,7,15.4,15,7.30068489937759,5,16.97,2.33,1.1,0.95,1.542,1.03,4.43,0.59
"24","023-W2021010-305_R2_5dpi",5,2,1,0,4,2.4,2,2.07364413533277,5,5.71,0.74,0.37,0.35,1.2349,0.35,1.31,0.22
"25","025-W2021009-622_R1_10dpi",75,80,85,95,90,85,85,7.90569415042095,5,84.46,35.68,54.42,28.72,21.5647,7.89,22.63,3.84
"26","026-W2021009-622_R2_5dpi",25,8,31,10,15,17.8,15,9.88433103452125,5,18.93,2.74,1.59,1.3,2.7549,1.42,5.19,0.8
"27","026-W2021010-346_R2_10dpi",0,0,0,0,5,1,0,2.23606797749979,5,0,0,0,0,1.1367,0,0,0
"28","027-W2021009-622_R2_10dpi",50,40,80,50,80,60,50,18.7082869338697,5,60.31,17.63,25.46,15.4,10.1667,4.85,14.91,2.79
"29","028-W2021010-354_R2_10dpi",10,35,15,20,40,24,20,12.9421791055448,5,21.49,7.41,11.43,6.29,4.695,1.78,5.35,0.97
"30","029-W2021010-354_R1_10dpi",40,60,45,35,80,52,45,18.2345825288105,5,60.85,13.39,14.75,9.65,7.0966,4.54,16.49,2.74
"31","032-W2021006-041_R2_5dpi",10,4,11,0,3,5.6,4,4.72228758124704,5,6.7,1.15,0.73,0.6,2.0718,0.44,1.81,0.29
"32","032-W2021009-155_R1_5dpi",90,67,77,80,90,80.8,80,9.67987603226405,5,85.3,15.25,8.13,5.45,7.1807,6.96,29.63,3.24
"33","036-W2021006-047_R2_5dpi",0,0,0,0,1,0.2,0,0.447213595499958,5,0.45,0.08,0.03,0.03,1.5432,0.03,0.15,0.02
"34","037-W2021009-198_R2_10dpi",0,0,0,0,0,0,0,0,5,0.15,0.02,0.01,0.01,1.1415,0.01,0.05,0.01
"35","037-W2021009-277_R1_10dpi",60,85,80,85,100,82,85,14.4048602908879,5,88.16,42.56,64.76,35.65,24.7165,8.48,23.94,4.13
"36","040-W2021009-207_R1_5dpi",25,6,8,0,10,9.8,8,9.28439551074813,5,18.44,2.38,1.12,1,2.0806,1.07,4.43,0.65
"37","042-W2021006-015_R1_10dpi",20,8,37,5,45,23,20,17.5926120857592,5,17.5,2.53,1.52,1.51,2.0974,1.17,4.61,0.82
"38","042-W2021010-429_R1_5dpi",80,25,57,30,75,53.4,57,25.2051582022411,5,45.47,6.87,3.85,3.31,3.7825,3.66,13.07,2.06
"39","044-W2021009-169_R2_5dpi",0,0,0,0,0,0,0,0,5,0.15,0.02,0.01,0.01,0.721,0.01,0.04,0.01
"40","044-W2021009-618_R1_5dpi",15,8,13,0,15,10.2,13,6.37965516309463,5,14.35,2.22,1.29,1.21,1.2526,1.07,3.93,0.68
"41","046-W2021009-208_R2_10dpi",5,8,6,8,16,8.6,8,4.33589667773576,5,3.2,0.72,1.07,0.79,1.3183,0.27,0.78,0.16
"42","047-W2021011-482_R1_5dpi",20,20,40,40,40,32,40,10.9544511501033,5,31.62,5.22,3.27,2.58,4.4193,2.55,9.93,1.42
"43","048-W2021006-147_R1_5dpi",10,3,10,0,8,6.2,8,4.49444101084885,5,4.02,0.64,0.31,0.37,0.793,0.29,1.15,0.22
"44","049-W2021011-583_R1_10dpi",15,50,20,0,55,28,20,23.6114379062352,5,27.88,7.54,11.73,7.99,4.2745,2.07,5.9,1.26
"45","051-W2021010-443_R1_10dpi",0,0,0,0,0,0,0,0,5,0,0,0,0,2.1668,0,0,0
"46","051-W2021011-583_R1_10dpi",65,85,85,95,90,84,85,11.4017542509914,5,85.12,35.65,52.76,30.66,21.9432,7.94,23.05,4.22
"47","051-W2021011-583_R2_10dpi",28,50,29,30,45,36.4,30,10.3101891350256,5,31.94,8.22,10.22,6.6,6.1484,2.67,9.22,1.58
"48","052-W2021006-004_R2_5dpi",0,0,0,0,0,0,0,0,5,0,0,0,0,1.4848,0,0,0
"49","055-W2021010-341_R2_5dpi",0,1,0,0,2,0.6,0,0.894427190999916,5,1.09,0.2,0.09,0.09,1.5489,0.08,0.35,0.06
"50","055-W2021010-397_R2_5dpi",0,2,8,0,4,2.8,2,3.3466401061363,5,4.97,0.74,0.36,0.38,3.0509,0.34,1.43,0.24
"51","056-W2021006-609_R1_5dpi",30,15,15,5,30,19,15,10.8397416943394,5,9.31,1.52,0.73,0.67,2.2574,0.61,2.59,0.4
"52","057-W2021011-504_R2_10dpi",0,0,0,0,0,0,0,0,5,1.59,0.45,0.54,0.43,2.8345,0.11,0.35,0.07
"53","059-W2021010-434_R1_5dpi",0,0,0,0,0,0,0,0,5,0.58,0.11,0.14,0.12,1.6241,0.05,0.16,0.03
"54","060-W2021010-324_R2_5dpi",0,0,1,0,0,0.2,0,0.447213595499958,5,0.3,0.06,0.02,0.02,1.1689,0.02,0.1,0.01
"55","061-W2021011-483_R1_10dpi",1,4,2,0,0,1.4,1,1.67332005306815,5,8.06,0.94,0.7,0.67,8.3313,0.5,1.65,0.34
"56","061-W2021011-483_R1_5dpi",10,2,1,0,15,5.6,2,6.58027355054484,5,3.19,0.38,0.19,0.16,2.3039,0.18,0.68,0.11
"57","062-W2021010-432_R2_10dpi",50,40,50,40,81,52.2,50,16.8582324103092,5,53.08,12.42,16.66,10.84,12.1919,3.96,12.61,2.45
"58","062-W2021011-483_R2_10dpi",45,40,45,40,70,48,45,12.5499003980111,5,56.55,17.08,24.39,14.63,13.706,4.66,15.13,2.73
"59","063-W2021011-594_R1_10dpi",40,60,60,25,70,51,60,18.1659021245849,5,51.93,15.82,23.22,14.47,7.9139,4.88,14.4,2.64
"60","068-W2021011-574_R2_10dpi",15,40,27,20,45,29.4,27,12.8179561553315,5,38.88,9.51,10.77,6.64,6.9722,3.14,11.44,1.81
"61","069-W2021011-574_R1_10dpi",7,18,15,10,21,14.2,15,5.71839138219832,5,11.13,3.41,4.74,2.96,2.7867,1.03,3.06,0.58
"62","070-W2021011-486_R2_5dpi",88,50,67,75,60,68,67,14.4741148261301,5,35.5,5.59,3.39,3.25,3.1247,2.63,9.99,1.78
"63","071-W2021006-142_R1_10dpi",75,80,45,40,85,65,75,20.9165006633519,5,54.32,9.81,8.97,6.69,11.2073,4.11,14.24,2.54
"64","071-W2021010-323_R1_5dpi",73,60,72,60.05,70,67.01,70,6.46726371814232,5,61.58,10.24,6.52,4.58,3.6075,4.96,18.94,2.54
"65","077-W2021010-351_R2_5dpi",0,0,0,0,1,0.2,0,0.447213595499958,5,0.16,0.03,0.03,0.01,1.625,0.03,0.06,0.01
"66","080-W2021011-586_R2_10dpi",85,90,85,85,98,88.6,85,5.68330889535313,5,93.7,45.93,61.82,34.62,26.7603,8.23,26.92,4.32
"67","084-W2021010-319_R1_5dpi",0,0,0,0,0,0,0,0,5,1.71,0.24,0.14,0.13,1.3343,0.14,0.47,0.08
"68","085-W2021010-630_R1_5dpi",0,0,0,0,0,0,0,0,5,0,0,0,0,0.6137,0,0,0
"69","088-W2021009-288_R2_10dpi",90,90,95,85,100,92,90,5.70087712549569,5,90.67,46.84,63.65,35.19,34.3145,8.33,25.62,4.33
"70","091-W2021006-056_R2_5dpi",5,0,5,0,0,2,0,2.73861278752583,5,1.12,0.2,0.17,0.13,2.1232,0.08,0.24,0.05
"71","091-W2021010-394_R2_10dpi",0,0,0,0,0,0,0,0,5,0.67,0.17,0.27,0.17,1.7617,0.05,0.18,0.03
"72","092-W2021010-394_R1_10dpi",0,2,0,0,0,0.4,0,0.894427190999916,5,14.26,1.8,1.03,0.92,4.409,0.94,3.3,0.56
"73","094-W2021010-315_R2_5dpi",0,0,0,0,1,0.2,0,0.447213595499958,5,0.15,0.03,0.01,0.01,0.7051,0.01,0.05,0.01
"74","095-W2021009-283_R1_10dpi",0,0,0,0,0,0,0,0,5,2.66,0.35,0.35,0.37,2.0812,0.17,0.54,0.13
"75","095-W2021011-553_R2_5dpi",0,1,1,0,0,0.4,0,0.547722557505166,5,0.67,0.11,0.21,0.13,2.1198,0.04,0.1,0.02
"76","097-W2021006-126_R2_10dpi",80,85,75,85,93,83.6,85,6.6932802122726,5,85.42,41.17,62.2,33.56,24.2496,8.71,24.37,4.15
"77","097-W2021006-611_R1_10dpi",100,98,100,100,100,99.6,100,0.894427190999916,5,98.38,40.31,73.03,40.78,24.0754,9.58,23.41,4.7
"78","097-W2021006-617_R2_5dpi",60,15,26,20,65,37.2,26,23.4882949572761,5,20.81,3.1,1.55,1.36,2.9348,1.47,5.87,0.86
"79","097-W2021009-163_R1_5dpi",85,25,31,0,50,38.2,31,31.6812247238013,5,55.71,8.43,4.62,3.43,2.982,3.79,15.1,1.98
"80","098-W2021006-126_R1_10dpi",45,60,60,55,95,63,60,18.907670401189,5,81.46,31.6,48.42,28.11,17.8318,7.57,21.66,3.9
"81","099-W2021006-611_R2_10dpi",25,25,20,20,70,32,25,21.3892496362074,5,30.38,7.75,10.37,6.72,5.852,2.38,7.75,1.43
"82","099-W2021006-611_R2_5dpi",50,16,19,0,40,25,19,19.94993734326,5,20.24,3.12,1.98,1.1,3.5347,1.45,5.7,0.68
"83","101-W2021011-565_R1_5dpi",90,60,80,0,88,63.6,80,37.4806616803919,5,76.26,11.84,7.06,5.12,8.0885,6.49,22.74,3.15
"84","102-W2021011-565_R2_10dpi",70,80,75,90,96,82.2,80,10.686440005914,5,92.85,42.22,54.07,29.66,16.1224,8.14,26.55,4.17
"85","103-W2021011-591_R2_10dpi",35,50,35,55,50,45,50,9.35414346693485,5,47.17,14.74,17.83,11.29,7.1992,4.29,14.46,2.42
"86","105-W2021010-625_R1_10dpi",30,70,60,25,85,54,60,25.8360213655276,5,69.58,12.42,12.69,9.85,7.5173,5.82,18.72,3.55
"87","105-W2021011-558_R1_5dpi",0,0,3,0,0,0.6,0,1.34164078649987,5,0.16,0.02,0.01,0.01,2.217,0.01,0.03,0.01
"88","108-W2021011-550_R2_10dpi",8,30,11,15,29,18.6,15,10.2615788258922,5,12.24,3.97,5.62,3.12,4.7571,1.05,3.38,0.58
"89","109-W2021006-102_R2_10dpi",90,90,90,85,100,91,90,5.47722557505166,5,94.62,57.96,72.94,41.39,38.7624,9.49,30.79,4.62
"90","110-W2021011-454_R2_5dpi",5,12,15,0,12,8.8,12,6.1400325732035,5,7.6,1.15,0.52,0.43,1.5009,0.49,2.04,0.28
"91","111-W2021011-588_R2_5dpi",5,3,6,0,5,3.8,5,2.38746727726266,5,4.14,0.62,0.33,0.26,1.7167,0.31,1.12,0.17
"92","112-W2021006-046_R1_10dpi",0,3,1,15,4,4.6,3,6.02494813255683,5,1.21,0.19,0.1,0.11,5.6227,0.09,0.31,0.07
"93","112-W2021011-554_R1_10dpi",10,25,5,15,25,16,15,8.94427190999916,5,12.48,3.31,4.04,2.89,2.3746,1.06,3.54,0.69
"94","115-W2021011-638_R1_10dpi",40,80,70,35,85,62,70,23.0759615184287,5,53.9,12.07,16.76,11.21,4.4713,4.47,13.41,2.5
"95","116-W2021011-504_R2_10dpi",0,0,0,0,0,0,0,0,5,0.96,0.13,0.08,0.07,8.6945,0.07,0.25,0.05
"96","117-W2021011-504_R1_10dpi",0,5,0,0,0,1,0,2.23606797749979,5,1.9,0.8,0.87,0.59,3.0433,0.14,0.61,0.09
"97","119-W2021009-171_R2_10dpi",8,7,5,0,20,8,7,7.3824115301167,5,30.15,4.42,3.57,2.89,8.8665,1.91,7.08,1.27
"98","119-W2021009-299_R2_10dpi",80,70,50,10,80,58,70,29.4957624075053,5,69.89,18.21,26.91,16.81,7.9212,6.16,18.7,3.54
"99","121-W2021009-185_R1_5dpi",0,1,7,0,4,2.4,1,3.04959013639538,5,1.01,0.14,0.07,0.05,2.1847,0.06,0.29,0.04
"100","122-W2021009-267_R2_10dpi",2,3,2,0,0,1.4,2,1.34164078649987,5,2.31,0.33,0.27,0.26,2.8019,0.17,0.56,0.12
"101","123-W2021009-255_R2_5dpi",5,4,4,0,2,3,4,2,5,4.78,0.61,0.35,0.21,1.711,0.34,1.08,0.14
"102","123-W2021009-621_R2_5dpi",5,8,5,0,7,5,5,3.08220700148449,5,4.88,0.84,0.43,0.28,1.4539,0.42,1.62,0.18
"103","124-W2021009-278_R1_10dpi",50,40,40,35,60,45,40,10,5,43.12,10.62,14.17,8.79,5.2528,3.64,11.36,2.04
"104","126-W2021009-278_R2_10dpi",35,40,45,25,50,39,40,9.61769203083567,5,43.15,11.38,14.35,8.04,9.0726,3.85,12.63,1.96
"105","127-W2021006-143_R2_5dpi",0,0,3,0,1,0.8,0,1.30384048104053,5,0.46,0.07,0.04,0.03,1.6342,0.03,0.13,0.02
"106","127-W2021009-292_R2_5dpi",80,55,73,80,86,74.8,80,11.9874934827928,5,78.31,14.76,9.33,5.76,12.3436,7.15,28.47,3.12
"107","128-W2021006-013_R1_5dpi",75,15,50,0,70,42,50,33.2791225845875,5,66.96,9.65,5.35,5.03,4.1488,4.83,17.9,3
"108","129-W2021006-119_R2_5dpi",0,2,11,0,8,4.2,2,5.01996015920445,5,6.11,0.99,0.72,0.62,2.9714,0.46,1.58,0.28
"109","131-W2021009-252_R2_10dpi",5,5,5,0,10,5,5,3.53553390593274,5,6,1.08,0.96,0.76,1.7665,0.45,1.59,0.3
"110","132-W2021009-252_R1_10dpi",0,0,2,0,0,0.4,0,0.894427190999916,5,0.76,0.14,0.16,0.11,0.9343,0.05,0.16,0.03
"111","132-W2021010-399_R1_5dpi",0,0,1,0,1,0.4,0,0.547722557505166,5,0.16,0.02,0.01,0.01,1.3369,0.01,0.03,0
"112","132-W2021011-644_R2_5dpi",10,8,22,0,15,11,10,8.18535277187245,5,10.01,1.74,0.91,0.71,1.239,0.65,2.6,0.35
"113","134-W2021006-001_R1_5dpi",26,12,60,30,45,34.6,30,18.4336648553672,5,42.05,5.94,3.74,3.02,2.3445,3.33,11.22,1.8
"114","134-W2021009-275_R1_5dpi",15,6,35,10,35,20.2,15,13.8816425541072,5,17.26,2.38,1.32,0.88,3.3232,1.11,4.28,0.56
"115","135-W2021011-581_R1_10dpi",45,50,40,10,70,43,45,21.6794833886788,5,41.01,9.2,11.34,7.58,3.4978,3.13,10.3,1.91
"116","137-W2021006-128_R2_10dpi",90,85,90,100,100,93,90,6.70820393249937,5,91.48,37.37,57.88,28.09,19.9506,8.64,24.55,3.96
"117","137-W2021010-342_R2_5dpi",0,0,0,0,1,0.2,0,0.447213595499958,5,1.05,0.23,0.3,0.18,2.0775,0.07,0.24,0.05
"118","138-W2021010-446_R1_5dpi",0,0,0,0,0,0,0,0,5,0.45,0.05,0.03,0.02,1.5575,0.03,0.08,0.01
"119","141-W2021009-274_R1_5dpi",75,35,80,0,90,56,75,37.6497011940334,5,82.85,15.62,9.16,5.11,10.5134,7.54,30.4,3.07
"120","143-W2021010-313_R2_5dpi",0,0,0,0,0,0,0,0,5,0.15,0.02,0.01,0.01,1.2709,0.01,0.03,0.01
"121","146-W2021006-613_R1_10dpi",70,60,80,60,90,72,70,13.0384048104053,5,73.52,17.92,22.4,12.57,7.4602,5.94,18.94,2.99
"122","148-W2021011-462_R2_5dpi",12,6,35,0,30,16.6,12,15.2249794745346,5,22.26,3.05,1.8,1.59,1.9077,1.62,5.51,0.97
"123","149-W2021010-417_R1_5dpi",5,5,12,5,10,7.4,5,3.36154726279432,5,8.13,1.66,1.46,0.97,3.0023,0.65,2.35,0.36
"124","149-W2021011-462_R1_10dpi",75,50,70,0,90,57,70,34.928498393146,5,82.56,17.12,21.44,15.6,9.4909,7.26,23.6,4.51
"125","151-W2021011-479_R2_10dpi",95,90,90,90,100,93,90,4.47213595499958,5,97.27,57.7,74.51,38.71,39.4376,9.01,30.03,4.46
"126","152-W2021010-301_R2_10dpi",0,0,0,0,0,0,0,0,5,0.68,0.12,0.05,0.05,1.2388,0.04,0.21,0.03
"127","152-W2021011-479_R1_10dpi",55,45,40,45,55,48,45,6.70820393249937,5,41.16,11.71,16.24,9.25,9.4412,3.65,11.84,1.98
"128","154-W2021010-419_R1_5dpi",0,0,0,0,0,0,0,0,5,0.44,0.08,0.15,0.09,1.3966,0.03,0.08,0.02
"129","154-W2021010-419_R2_10dpi",0,0,0,0,0,0,0,0,5,0.48,0.06,0.04,0.04,2.9288,0.04,0.1,0.02
"130","155-W2021011-639_R1_5dpi",2,2,3,0,5,2.4,2,1.81659021245849,5,2.15,0.31,0.16,0.16,1.6017,0.15,0.58,0.1
"131","156-W2021009-276_R2_5dpi",10,4,7,0,6,5.4,6,3.71483512420134,5,4.12,0.61,0.31,0.23,1.3587,0.3,1.11,0.15
"132","158-W2021006-114_R1_5dpi",82,40,85,90,80,75.4,82,20.1444781515928,5,44.28,7.78,5.24,3.35,5.3868,3.7,14.18,1.75
"133","162-W2021011-551_R2_10dpi",75,70,75,85,90,79,75,8.21583836257749,5,82.58,32.49,48.23,26.72,19.4148,7.29,21.65,3.76
"134","166-W2021006-123_R1_10dpi",0,0,0,0,0,0,0,0,5,0.65,0.56,0.63,0.38,1.3976,0.1,0.37,0.04
"135","166-W2021006-146_R1_10dpi",50,40,50,45,70,51,50,11.4017542509914,5,52.85,19.1,29.67,17.52,9.7391,4.72,13.17,2.48
"136","166-W2021006-146_R2_10dpi",5,16,16,0,15,10.4,15,7.43639697703128,5,12.7,2.44,2.32,1.68,2.9926,0.98,3.62,0.61
"137","167-W2021006-003_R2_5dpi",0,1,8,0,3,2.4,1,3.36154726279432,5,2.63,0.4,0.21,0.2,1.2526,0.2,0.82,0.13
"138","169-W2021009-623_R2_5dpi",80,60,75,80,98,78.6,80,13.5941163743731,5,76.45,14.87,8.3,5.27,10.8633,6.97,29.46,3.12
"139","169-W2021011-477_R1_5dpi",55,50,40,50,75,54,50,12.9421791055448,5,31.66,5.51,3.08,2.2,3.9932,2.72,10.64,1.32
"140","171-W2021011-584_R1_10dpi",60,60,70,45,85,64,60,14.7478812037526,5,65.72,14.88,18.16,9.66,6.8353,5.44,17.52,2.69
"141","171-W2021011-584_R2_10dpi",95,92,95,95,100,95.4,95,2.88097205817759,5,99.02,32.11,46.83,27.05,21.8524,9.26,30.1,4.95
"142","172-W2021009-156_R2_10dpi",5,5,3,0,10,4.6,5,3.64691650576209,5,3.96,0.6,0.32,0.37,1.4198,0.24,0.98,0.18
"143","172-W2021011-557_R2_5dpi",20,8,31,0,20,15.8,20,12.0083304418225,5,7.35,1.08,0.61,0.54,1.8216,0.58,2,0.34
"144","173-W2021006-127_R2_5dpi",0,1,5,0,1,1.4,1,2.07364413533277,5,0.73,0.12,0.16,0.13,1.5208,0.04,0.17,0.04
"145","174-W2021009-156_R2_5dpi",5,3,10,0,25,8.6,5,9.86407623652616,5,9.55,1.32,0.62,0.64,0.9094,0.59,2.24,0.41
"146","176-W2021009-256_R2_10dpi",0,0,5,0,4,1.8,0,2.48997991959775,5,2.04,0.28,0.18,0.15,1.3538,0.17,0.53,0.09
"147","176-W2021009-256_R2_5dpi",0,1,2,0,1,0.8,1,0.836660026534076,5,0.42,0.05,0.03,0.02,1.1631,0.03,0.09,0.01
"148","177-W2021009-194_R1_5dpi",5,3,7,0,12,5.4,5,4.50555213042752,5,5.73,0.86,0.45,0.35,1.8427,0.42,1.59,0.22
"149","177-W2021009-194_R2_10dpi",85,60,75,90,95,81,85,13.8744369255116,5,84.49,29.94,46.67,26.63,19.4656,7.86,22.45,4.07
"150","177-W2021009-256_R1_10dpi",2,5,5,0,15,5.4,5,5.7706152185014,5,4.13,0.76,0.87,0.54,1.4403,0.31,1.1,0.19
"151","180-W2021009-152_R1_5dpi",5,3,30,0,10,9.6,5,11.9707978013163,5,12.79,1.56,0.79,0.68,1.9069,0.74,2.84,0.43
"152","180-W2021011-476_R2_5dpi",85,36,68,50,80,63.8,68,20.5718253929981,5,63.44,9.64,5.22,4.44,5.1996,4.15,18.28,2.52
"153","181-W2021009-251_R2_10dpi",5,8,10,0,17,8,8,6.28490254498827,5,6.65,0.93,0.66,0.61,2.2561,0.5,1.63,0.32
"154","181-W2021009-295_R2_10dpi",20,7,28,0,25,16,20,12.0208152801713,5,22.78,3.84,3.2,2.73,3.5975,1.66,5.92,1.11
"155","182-W2021009-251_R1_10dpi",3,6,20,10,25,12.8,10,9.36482781475453,5,4.83,0.94,1.16,0.63,2.6712,0.41,1.12,0.19
"156","182-W2021009-251_R1_5dpi",0,0,2,0,0,0.4,0,0.894427190999916,5,0.13,0.01,0.01,0,2.3281,0.01,0.04,0.01
"157","183-W2021009-295_R1_5dpi",0,2,20,0,0,4.4,0,8.76356092008266,5,1.86,0.27,0.18,0.14,1.0471,0.11,0.39,0.07
"158","184-W2021009-199_R1_10dpi",25,30,30,18,50,30.6,30,11.9079805172834,5,26.77,5.15,4.94,2.96,3.9395,1.99,7.49,1.1
"159","185-W2021009-199_R1_5dpi",5,5,10,0,17,7.4,5,6.42650760522385,5,6.15,0.94,0.38,0.29,2.078,0.36,1.64,0.19
"160","185-W2021009-291_R2_5dpi",0,1,5,0,3,1.8,1,2.16794833886788,5,2.75,0.42,0.18,0.17,1.7773,0.17,0.76,0.11
"161","187-W2021010-348_R2_5dpi",50,40,50,0,72,42.4,50,26.4348255148393,5,73.77,11.93,6.84,5.11,9.3086,5.76,23.55,2.94
"162","189-W2021009-257_R2_10dpi",100,98,100,100,100,99.6,100,0.894427190999916,5,100,50.9,78.76,35.74,29.7961,9.53,26.63,4.17
"163","190-W2021010-449_R1_10dpi",32,45,55,70,75,55.4,55,17.7002824836216,5,30.7,7.62,9.2,6.11,5.2012,2.67,8.55,1.55
"164","191-W2021010-426_R2_5dpi",0,0,2,0,0,0.4,0,0.894427190999916,5,0.53,0.06,0.04,0.03,2.4522,0.04,0.1,0.02
"165","191-W2021010-449_R1_5dpi",10,6,60,20,35,26.2,20,21.9590528028875,5,9.64,1.57,0.85,0.7,3.8694,0.7,2.94,0.41
"166","192-W2021006-005_R1_5dpi",0,1,4,0,0,1,0,1.73205080756888,5,1.3,0.17,0.1,0.09,1.3766,0.09,0.33,0.06
"167","192-W2021010-449_R2_10dpi",45,45,55,45,70,52,45,10.9544511501033,5,65.72,26.55,31.3,20.62,11.9494,5.36,18.82,3.08
"168","193-W2021010-415_R1_10dpi",0,4,0,0,0,0.8,0,1.78885438199983,5,2.42,0.53,0.44,0.44,3.9929,0.19,0.64,0.14
"169","194-W2021010-339_R2_10dpi",0,2,2,0,0,0.8,0,1.09544511501033,5,1.42,0.2,0.12,0.11,1.5481,0.11,0.33,0.07
"170","206-W2021009-271_R2_10dpi",75,70,65,85,95,78,75,12.0415945787923,5,80.12,25.87,35.33,20.81,17.3081,6.95,22.79,3.72
"171","206-W2021010-344_R1_5dpi",0,0,10,0,0,2,0,4.47213595499958,5,0.16,0.02,0.02,0.01,2.1415,0.02,0.04,0.01
"172","207-W2021009-271_R1_10dpi",35,50,20,30,45,36,35,11.9373363863133,5,36.62,11.18,14.88,9.49,8.3051,3.05,10.1,1.78
"173","207-W2021009-287_R1_10dpi",7,10,5,0,0,4.4,5,4.39317652729776,5,7.07,0.99,0.6,0.66,1.6383,0.57,1.99,0.4
"174","207-W2021009-287_R2_5dpi",0,0,3,0,0,0.6,0,1.34164078649987,5,0.29,0.03,0.02,0.02,1.0369,0.02,0.06,0.01
"175","208-W2021009-268_R2_5dpi",10,8,40,15,25,19.6,15,13.1643457870112,5,25.39,3.44,1.71,1.15,2.6521,1.63,6.48,0.77
"176","209-W2021010-439_R2_10dpi",70,40,65,0,60,47,60,28.6356421265527,5,54.17,10.27,10.74,7.68,9.5128,4.3,14.42,2.6
"177","209-W2021010-439_R2_5dpi",30,16,75,25,45,38.2,30,23.1019479698141,5,32.98,5.12,2.94,2.06,3.9901,2.68,9.79,1.28
"178","211-W2021011-598_R2_5dpi",5,11,32,0,25,14.6,11,13.5018517248561,5,13.24,2.03,1.32,1.06,2.9684,1.08,3.63,0.6
"179","214-W2021006-045_R2_10dpi",10,20,13,20,36,19.8,20,10.0598210719674,5,25.82,5.31,5.28,4.01,6.5804,1.89,6.85,1.27
"180","215-W2021006-045_R1_10dpi",55,50,70,83,85,68.6,70,15.8839541676498,5,74.52,17.08,24.14,15.4,10.9334,6.54,20.99,3.78
"181","215-W2021006-045_R2_5dpi",5,6,12,0,15,7.6,6,5.94138031100518,5,6.94,0.97,0.54,0.46,2.3716,0.52,1.86,0.29
"182","223-W2021010-442_R2_5dpi",20,15,75,0,40,30,20,28.9395922569756,5,37.39,5.36,3.4,2.51,2.796,3.02,10.23,1.51
"183","225-W2021010-327_R2_10dpi",40,50,75,100,95,72,75,26.5988721565408,5,61.34,26.13,37.89,21.31,18.1228,5.66,16.45,2.87
"184","226-W2021009-177_R1_10dpi",0,6,5,0,0,2.2,0,3.03315017762062,5,6.86,1.04,0.51,0.55,3.4182,0.48,1.82,0.34
"185","226-W2021010-435_R1_5dpi",0,0,0,0,0,0,0,0,5,0.62,0.21,0.37,0.21,3.3385,0.05,0.12,0.03
"186","230-W2021010-373_R2_5dpi",100,75,95,85,100,91,95,10.8397416943394,5,97.97,19.16,14.27,8.25,12.3102,10.14,36.62,4.41
"187","233-W2021006-607_R1_10dpi",5,8,15,0,17,9,8,7.03562363973514,5,11.43,1.74,1.44,1.05,2.1294,0.93,2.97,0.51
"188","233-W2021009-215_R2_5dpi",20,8,10,15,20,14.6,15,5.54977477020464,5,13.17,2.29,1.39,0.93,2.1815,1.14,4.3,0.53
"189","238-W2021009-192_R1_10dpi",60,65,74,0,88,57.4,65,33.8053250243212,5,79.15,15.2,13.14,10.54,12.3247,6.16,25.13,4.16
"190","240-Symphony_R2_5dpi",81,50,90,45,90,71.2,81,22.0159033428111,5,77.46,13.83,9.62,5.89,8.5925,7.22,25.5,3.25
"191","242-W2021006-132_R2_10dpi",100,95,98,100,100,98.6,100,2.19089023002066,5,99.14,49.72,75.34,42.77,28.1409,9.77,27.05,4.79
"192","254-W2021010-352_R2_5dpi",0,0,0,0,0,0,0,0,5,0,0,0,0,1.238,0,0,0
"193","262-W2021009-187_R2_10dpi",50,70,40,70,85,63,70,17.8885438199983,5,74.6,20.53,24.86,16.61,15.6573,6.05,21.67,3.83
"194","264-W2021009-187_R1_10dpi",7,30,15,20,29,20.2,20,9.67987603226405,5,24.23,4.4,3.91,2.83,3.7951,1.72,6.66,1.1
"195","266-W2021009-193_R1_5dpi",3,3,5,0,5,3.2,3,2.04939015319192,5,2.56,0.4,0.19,0.2,2.7233,0.18,0.71,0.12
"196","285-W2021006-040_R2_10dpi",19,25,23,20,45,26.4,23,10.6677082824757,5,30.02,5.1,4.98,3.69,4.7559,2.21,7.33,1.34
"197","293-W2021006-054_R1_10dpi",40,50,57,20,55,44.4,50,15.1426549851735,5,45.02,7.58,5.67,4.4,4.5905,3.59,13.39,2.09
"198","311-W2021010-326_R2_10dpi",0,0,0,0,0,0,0,0,5,0.16,0.02,0.01,0.01,0.907,0.01,0.03,0.01
"199","313-W2021010-343_R1_5dpi",0,0,0,0,0,0,0,0,5,0.33,0.03,0.04,0.03,1.3544,0.03,0.08,0.02
"200","336-W2021011-506_R2_5dpi",20,20,55,0,65,32,20,27.0647372054487,5,39.41,6.4,3.78,3.21,3.8095,2.72,11.68,1.76
