"","timestamp","time_elapsed","model_type","model_timestamp","classes","imaging_date","tray","filename","conserved_identifier","infected_threshold","healthy_threshold","sal_threshold","inf_gate","spor_th","leaf_mask_th","clear_patches","hyphal_patches","conidiophore_patches","sporulating_pct","discarded_patches","severity_rate_patch","Gradient-SG_inf_th","GradCAM_inf_th","DeepLift_inf_th","Gradient-SG_inf_sr","GradCAM_inf_sr","DeepLift_inf_sr","Gradient-SG_spor_th","GradCAM_spor_th","DeepLift_spor_th","Gradient-SG_spor_sr","GradCAM_spor_sr","DeepLift_spor_sr","Gradient-SG_union_sr","GradCAM_union_sr","DeepLift_union_sr","Gradient-SG_intersect_sr","GradCAM_intersect_sr","DeepLift_intersect_sr"
"1","2/5/2026 5:37","0m 26s","ResNet","Jan26_23-15-35_2026",2,"1/22/2026","5dpi","002-W2021006-081_R1_5dpi","W2021006-081",0.95,0.3,0.5,0.3,0.5,0.2,654,1,2,0.304414003,18,0.46,0.5,0.7,0.4,0.01,0.02,0.01,0.1,0.2,0.1,0.2,0.11,0.17,0.22,0.13,0.18,0,0,0
"2","2/5/2026 5:38","0m 26s","ResNet","Jan26_23-15-35_2026",2,"1/22/2026","5dpi","002-W2021010-336_R2_5dpi","W2021010-336",0.95,0.3,0.5,0.3,0.5,0.2,533,13,0,0,90,2.38,0.5,0.7,0.4,0.18,0.35,0.11,0.1,0.2,0.1,0,0,0,0.18,0.35,0.11,0,0,0
"3","2/5/2026 5:38","0m 27s","ResNet","Jan26_23-15-35_2026",2,"1/22/2026","5dpi","005-W2021011-592_R2_5dpi","W2021011-592",0.95,0.3,0.5,0.3,0.5,0.2,708,4,0,0,3,0.56,0.5,0.7,0.4,0.05,0.09,0.04,0.1,0.2,0.1,0,0,0,0.05,0.09,0.04,0,0,0
"4","2/5/2026 5:38","0m 38s","ResNet","Jan26_23-15-35_2026",2,"1/22/2026","5dpi","009-W2021010-311_R2_5dpi","W2021010-311",0.95,0.3,0.5,0.3,0.5,0.2,484,141,3,0.477707006,61,22.93,0.5,0.7,0.4,1.58,3.24,1.31,0.1,0.2,0.1,0.37,0.17,0.18,1.95,3.42,1.49,0,0,0
"5","2/5/2026 5:39","0m 39s","ResNet","Jan26_23-15-35_2026",2,"1/22/2026","5dpi","010-W2021010-347_R2_5dpi","W2021010-347",0.95,0.3,0.5,0.3,0.5,0.2,482,123,17,2.733118971,42,22.51,0.5,0.7,0.4,1.46,2.97,1.47,0.1,0.2,0.1,1.99,0.98,0.98,3.45,3.94,2.44,0,0,0
"6","2/5/2026 5:40","0m 26s","ResNet","Jan26_23-15-35_2026",2,"1/22/2026","5dpi","013-W2021009-172_R2_5dpi","W2021009-172",0.95,0.3,0.5,0.3,0.5,0.2,674,1,0,0,6,0.15,0.5,0.7,0.4,0.01,0.04,0.01,0.1,0.2,0.1,0,0,0,0.01,0.04,0.01,0,0,0
"7","2/5/2026 5:40","0m 37s","ResNet","Jan26_23-15-35_2026",2,"1/22/2026","5dpi","015-W2021009-160_R1_5dpi","W2021009-160",0.95,0.3,0.5,0.3,0.5,0.2,455,113,1,0.175746924,94,20.04,0.5,0.7,0.4,1.26,2.72,1.1,0.1,0.2,0.1,0.13,0.04,0.02,1.39,2.76,1.11,0,0,0
"8","2/5/2026 5:41","0m 38s","ResNet","Jan26_23-15-35_2026",2,"1/22/2026","5dpi","015-W2021011-633_R1_5dpi","W2021011-633",0.95,0.3,0.5,0.3,0.5,0.2,592,97,0,0,43,14.08,0.5,0.7,0.4,1.17,2.26,0.98,0.1,0.2,0.1,0,0,0,1.17,2.26,0.98,0,0,0
"9","2/5/2026 5:41","0m 44s","ResNet","Jan26_23-15-35_2026",2,"1/22/2026","5dpi","017-W2021006-612_R2_5dpi","W2021006-612",0.95,0.3,0.5,0.3,0.5,0.2,377,153,0,0,45,28.87,0.5,0.7,0.4,2.28,4.41,2.13,0.1,0.2,0.1,0,0,0,2.28,4.41,2.13,0,0,0
"10","2/5/2026 5:42","0m 26s","ResNet","Jan26_23-15-35_2026",2,"1/22/2026","5dpi","019-W2021010-428_R2_5dpi","W2021010-428",0.95,0.3,0.5,0.3,0.5,0.2,634,0,0,0,5,0,0.5,0.7,0.4,0,0,0,0.1,0.2,0.1,0,0,0,0,0,0,0,0,0
"11","2/5/2026 5:43","0m 27s","ResNet","Jan26_23-15-35_2026",2,"1/22/2026","5dpi","021-W2021009-175_R1_5dpi","W2021009-175",0.95,0.3,0.5,0.3,0.5,0.2,682,8,1,0.1447178,11,1.3,0.5,0.7,0.4,0.1,0.18,0.06,0.1,0.2,0.1,0.09,0.03,0.04,0.19,0.22,0.1,0,0,0
"12","2/5/2026 5:43","0m 32s","ResNet","Jan26_23-15-35_2026",2,"1/22/2026","5dpi","022-W2021009-198_R2_5dpi","W2021009-198",0.95,0.3,0.5,0.3,0.5,0.2,552,39,0,0,122,6.6,0.5,0.7,0.4,0.56,1.01,0.44,0.1,0.2,0.1,0,0,0,0.56,1.01,0.44,0,0,0
"13","2/5/2026 5:44","0m 38s","ResNet","Jan26_23-15-35_2026",2,"1/22/2026","5dpi","023-W2021006-049_R1_5dpi","W2021006-049",0.95,0.3,0.5,0.3,0.5,0.2,450,92,0,0,98,16.97,0.5,0.7,0.4,1.1,2.33,0.95,0.1,0.2,0.1,0,0,0,1.1,2.33,0.95,0,0,0
"14","2/5/2026 5:44","0m 31s","ResNet","Jan26_23-15-35_2026",2,"1/22/2026","5dpi","023-W2021010-305_R2_5dpi","W2021010-305",0.95,0.3,0.5,0.3,0.5,0.2,578,35,0,0,26,5.71,0.5,0.7,0.4,0.37,0.74,0.35,0.1,0.2,0.1,0,0,0,0.37,0.74,0.35,0,0,0
"15","2/5/2026 5:45","0m 46s","ResNet","Jan26_23-15-35_2026",2,"1/22/2026","5dpi","026-W2021009-622_R2_5dpi","W2021009-622",0.95,0.3,0.5,0.3,0.5,0.2,531,123,1,0.152671756,52,18.93,0.5,0.7,0.4,1.48,2.69,1.27,0.1,0.2,0.1,0.11,0.04,0.03,1.59,2.74,1.3,0,0,0
"16","2/5/2026 5:46","0m 35s","ResNet","Jan26_23-15-35_2026",2,"1/22/2026","5dpi","032-W2021006-041_R2_5dpi","W2021006-041",0.95,0.3,0.5,0.3,0.5,0.2,668,45,3,0.418994413,30,6.7,0.5,0.7,0.4,0.43,0.92,0.42,0.1,0.2,0.1,0.3,0.23,0.18,0.73,1.15,0.6,0,0,0
"17","2/5/2026 5:46","2m 18s","ResNet","Jan26_23-15-35_2026",2,"1/22/2026","5dpi","032-W2021009-155_R1_5dpi","W2021009-155",0.95,0.3,0.5,0.3,0.5,0.2,97,555,8,1.212121212,57,85.3,0.5,0.7,0.4,7.25,14.9,5.02,0.1,0.2,0.1,0.87,0.36,0.43,8.13,15.25,5.45,0,0,0
"18","2/5/2026 5:48","0m 27s","ResNet","Jan26_23-15-35_2026",2,"1/22/2026","5dpi","036-W2021006-047_R2_5dpi","W2021006-047",0.95,0.3,0.5,0.3,0.5,0.2,668,3,0,0,5,0.45,0.5,0.7,0.4,0.03,0.08,0.03,0.1,0.2,0.1,0,0,0,0.03,0.08,0.03,0,0,0
"19","2/5/2026 5:49","0m 50s","ResNet","Jan26_23-15-35_2026",2,"1/22/2026","5dpi","040-W2021009-207_R1_5dpi","W2021009-207",0.95,0.3,0.5,0.3,0.5,0.2,491,111,0,0,71,18.44,0.5,0.7,0.4,1.12,2.38,1,0.1,0.2,0.1,0,0,0,1.12,2.38,1,0,0,0
"20","2/5/2026 5:50","1m 36s","ResNet","Jan26_23-15-35_2026",2,"1/22/2026","5dpi","042-W2021010-429_R1_5dpi","W2021010-429",0.95,0.3,0.5,0.3,0.5,0.2,355,296,0,0,63,45.47,0.5,0.7,0.4,3.85,6.87,3.31,0.1,0.2,0.1,0,0,0,3.85,6.87,3.31,0,0,0
"21","2/5/2026 5:51","0m 26s","ResNet","Jan26_23-15-35_2026",2,"1/22/2026","5dpi","044-W2021009-169_R2_5dpi","W2021009-169",0.95,0.3,0.5,0.3,0.5,0.2,663,1,0,0,6,0.15,0.5,0.7,0.4,0.01,0.02,0.01,0.1,0.2,0.1,0,0,0,0.01,0.02,0.01,0,0,0
"22","2/5/2026 5:52","0m 49s","ResNet","Jan26_23-15-35_2026",2,"1/22/2026","5dpi","044-W2021009-618_R1_5dpi","W2021009-618",0.95,0.3,0.5,0.3,0.5,0.2,549,90,2,0.31201248,33,14.35,0.5,0.7,0.4,1.11,2.07,1.06,0.1,0.2,0.1,0.18,0.15,0.15,1.29,2.22,1.21,0,0,0
"23","2/5/2026 5:53","1m 15s","ResNet","Jan26_23-15-35_2026",2,"1/22/2026","5dpi","047-W2021011-482_R1_5dpi","W2021011-482",0.95,0.3,0.5,0.3,0.5,0.2,413,186,5,0.82781457,55,31.62,0.5,0.7,0.4,2.64,4.93,2.23,0.1,0.2,0.1,0.64,0.29,0.34,3.27,5.22,2.58,0,0,0
"24","2/5/2026 5:54","0m 28s","ResNet","Jan26_23-15-35_2026",2,"1/22/2026","5dpi","048-W2021006-147_R1_5dpi","W2021006-147",0.95,0.3,0.5,0.3,0.5,0.2,430,18,0,0,17,4.02,0.5,0.7,0.4,0.31,0.64,0.37,0.1,0.2,0.1,0,0,0,0.31,0.64,0.37,0,0,0
"25","2/5/2026 5:54","0m 25s","ResNet","Jan26_23-15-35_2026",2,"1/22/2026","5dpi","052-W2021006-004_R2_5dpi","W2021006-004",0.95,0.3,0.5,0.3,0.5,0.2,603,0,0,0,11,0,0.5,0.7,0.4,0,0,0,0.1,0.2,0.1,0,0,0,0,0,0,0,0,0
"26","2/5/2026 5:55","0m 27s","ResNet","Jan26_23-15-35_2026",2,"1/22/2026","5dpi","055-W2021010-341_R2_5dpi","W2021010-341",0.95,0.3,0.5,0.3,0.5,0.2,633,7,0,0,22,1.09,0.5,0.7,0.4,0.09,0.2,0.09,0.1,0.2,0.1,0,0,0,0.09,0.2,0.09,0,0,0
"27","2/5/2026 5:55","0m 35s","ResNet","Jan26_23-15-35_2026",2,"1/22/2026","5dpi","055-W2021010-397_R2_5dpi","W2021010-397",0.95,0.3,0.5,0.3,0.5,0.2,631,33,0,0,30,4.97,0.5,0.7,0.4,0.36,0.74,0.38,0.1,0.2,0.1,0,0,0,0.36,0.74,0.38,0,0,0
"28","2/5/2026 5:56","0m 42s","ResNet","Jan26_23-15-35_2026",2,"1/22/2026","5dpi","056-W2021006-609_R1_5dpi","W2021006-609",0.95,0.3,0.5,0.3,0.5,0.2,594,60,1,0.152671756,33,9.31,0.5,0.7,0.4,0.63,1.44,0.62,0.1,0.2,0.1,0.1,0.08,0.05,0.73,1.52,0.67,0,0,0
"29","2/5/2026 5:57","0m 27s","ResNet","Jan26_23-15-35_2026",2,"1/22/2026","5dpi","059-W2021010-434_R1_5dpi","W2021010-434",0.95,0.3,0.5,0.3,0.5,0.2,683,3,1,0.145560408,42,0.58,0.5,0.7,0.4,0.04,0.06,0.05,0.1,0.2,0.1,0.1,0.05,0.08,0.14,0.11,0.12,0,0,0
"30","2/5/2026 5:57","0m 27s","ResNet","Jan26_23-15-35_2026",2,"1/22/2026","5dpi","060-W2021010-324_R2_5dpi","W2021010-324",0.95,0.3,0.5,0.3,0.5,0.2,659,2,0,0,16,0.3,0.5,0.7,0.4,0.02,0.06,0.02,0.1,0.2,0.1,0,0,0,0.02,0.06,0.02,0,0,0
"31","2/5/2026 5:58","0m 31s","ResNet","Jan26_23-15-35_2026",2,"1/22/2026","5dpi","061-W2021011-483_R1_5dpi","W2021011-483",0.95,0.3,0.5,0.3,0.5,0.2,607,20,0,0,55,3.19,0.5,0.7,0.4,0.19,0.38,0.16,0.1,0.2,0.1,0,0,0,0.19,0.38,0.16,0,0,0
"32","2/5/2026 5:58","1m 12s","ResNet","Jan26_23-15-35_2026",2,"1/22/2026","5dpi","070-W2021011-486_R2_5dpi","W2021011-486",0.95,0.3,0.5,0.3,0.5,0.2,307,165,4,0.840336134,38,35.5,0.5,0.7,0.4,2.78,5.3,2.91,0.1,0.2,0.1,0.61,0.29,0.34,3.39,5.59,3.25,0,0,0
"33","2/5/2026 5:59","2m 15s","ResNet","Jan26_23-15-35_2026",2,"1/22/2026","5dpi","071-W2021010-323_R1_5dpi","W2021010-323",0.95,0.3,0.5,0.3,0.5,0.2,224,348,11,1.886792453,66,61.58,0.5,0.7,0.4,5.11,9.61,4,0.1,0.2,0.1,1.41,0.63,0.57,6.52,10.24,4.58,0,0,0
"34","2/5/2026 6:01","0m 26s","ResNet","Jan26_23-15-35_2026",2,"1/22/2026","5dpi","077-W2021010-351_R2_5dpi","W2021010-351",0.95,0.3,0.5,0.3,0.5,0.2,643,1,0,0,19,0.16,0.5,0.7,0.4,0.03,0.03,0.01,0.1,0.2,0.1,0,0,0,0.03,0.03,0.01,0,0,0
"35","2/5/2026 6:02","0m 28s","ResNet","Jan26_23-15-35_2026",2,"1/22/2026","5dpi","084-W2021010-319_R1_5dpi","W2021010-319",0.95,0.3,0.5,0.3,0.5,0.2,574,10,0,0,73,1.71,0.5,0.7,0.4,0.14,0.24,0.13,0.1,0.2,0.1,0,0,0,0.14,0.24,0.13,0,0,0
"36","2/5/2026 6:02","0m 26s","ResNet","Jan26_23-15-35_2026",2,"1/22/2026","5dpi","085-W2021010-630_R1_5dpi","W2021010-630",0.95,0.3,0.5,0.3,0.5,0.2,670,0,0,0,10,0,0.5,0.7,0.4,0,0,0,0.1,0.2,0.1,0,0,0,0,0,0,0,0,0
"37","2/5/2026 6:03","0m 28s","ResNet","Jan26_23-15-35_2026",2,"1/22/2026","5dpi","091-W2021006-056_R2_5dpi","W2021006-056",0.95,0.3,0.5,0.3,0.5,0.2,620,6,1,0.159489633,24,1.12,0.5,0.7,0.4,0.08,0.12,0.07,0.1,0.2,0.1,0.09,0.08,0.06,0.17,0.2,0.13,0,0,0
"38","2/5/2026 6:03","0m 26s","ResNet","Jan26_23-15-35_2026",2,"1/22/2026","5dpi","094-W2021010-315_R2_5dpi","W2021010-315",0.95,0.3,0.5,0.3,0.5,0.2,660,1,0,0,18,0.15,0.5,0.7,0.4,0.01,0.03,0.01,0.1,0.2,0.1,0,0,0,0.01,0.03,0.01,0,0,0
"39","2/5/2026 6:04","0m 26s","ResNet","Jan26_23-15-35_2026",2,"1/22/2026","5dpi","095-W2021011-553_R2_5dpi","W2021011-553",0.95,0.3,0.5,0.3,0.5,0.2,591,2,2,0.336134454,15,0.67,0.5,0.7,0.4,0.03,0.04,0.02,0.1,0.2,0.1,0.18,0.08,0.12,0.21,0.11,0.13,0,0,0
"40","2/5/2026 6:04","1m 10s","ResNet","Jan26_23-15-35_2026",2,"1/22/2026","5dpi","097-W2021006-617_R2_5dpi","W2021006-617",0.95,0.3,0.5,0.3,0.5,0.2,510,134,0,0,55,20.81,0.5,0.7,0.4,1.55,3.1,1.36,0.1,0.2,0.1,0,0,0,1.55,3.1,1.36,0,0,0
"41","2/5/2026 6:05","2m 18s","ResNet","Jan26_23-15-35_2026",2,"1/22/2026","5dpi","097-W2021009-163_R1_5dpi","W2021009-163",0.95,0.3,0.5,0.3,0.5,0.2,260,321,6,1.022146508,100,55.71,0.5,0.7,0.4,3.93,7.97,3.06,0.1,0.2,0.1,0.69,0.46,0.37,4.62,8.43,3.43,0,0,0
"42","2/5/2026 6:08","1m 15s","ResNet","Jan26_23-15-35_2026",2,"1/22/2026","5dpi","099-W2021006-611_R2_5dpi","W2021006-611",0.95,0.3,0.5,0.3,0.5,0.2,532,131,4,0.59970015,56,20.24,0.5,0.7,0.4,1.49,2.95,1.02,0.1,0.2,0.1,0.49,0.17,0.09,1.98,3.12,1.1,0,0,0
"43","2/5/2026 6:09","3m 41s","ResNet","Jan26_23-15-35_2026",2,"1/22/2026","5dpi","101-W2021011-565_R1_5dpi","W2021011-565",0.95,0.3,0.5,0.3,0.5,0.2,156,498,3,0.456621005,68,76.26,0.5,0.7,0.4,6.72,11.64,4.95,0.1,0.2,0.1,0.34,0.2,0.17,7.06,11.84,5.12,0,0,0
"44","2/5/2026 6:13","0m 26s","ResNet","Jan26_23-15-35_2026",2,"1/22/2026","5dpi","105-W2021011-558_R1_5dpi","W2021011-558",0.95,0.3,0.5,0.3,0.5,0.2,636,1,0,0,3,0.16,0.5,0.7,0.4,0.01,0.02,0.01,0.1,0.2,0.1,0,0,0,0.01,0.02,0.01,0,0,0
"45","2/5/2026 6:13","0m 47s","ResNet","Jan26_23-15-35_2026",2,"1/22/2026","5dpi","110-W2021011-454_R2_5dpi","W2021011-454",0.95,0.3,0.5,0.3,0.5,0.2,644,53,0,0,24,7.6,0.5,0.7,0.4,0.52,1.15,0.43,0.1,0.2,0.1,0,0,0,0.52,1.15,0.43,0,0,0
"46","2/5/2026 6:14","0m 37s","ResNet","Jan26_23-15-35_2026",2,"1/22/2026","5dpi","111-W2021011-588_R2_5dpi","W2021011-588",0.95,0.3,0.5,0.3,0.5,0.2,649,28,0,0,22,4.14,0.5,0.7,0.4,0.33,0.62,0.26,0.1,0.2,0.1,0,0,0,0.33,0.62,0.26,0,0,0
"47","2/5/2026 6:15","0m 28s","ResNet","Jan26_23-15-35_2026",2,"1/22/2026","5dpi","121-W2021009-185_R1_5dpi","W2021009-185",0.95,0.3,0.5,0.3,0.5,0.2,588,6,0,0,24,1.01,0.5,0.7,0.4,0.07,0.14,0.05,0.1,0.2,0.1,0,0,0,0.07,0.14,0.05,0,0,0
"48","2/5/2026 6:15","0m 39s","ResNet","Jan26_23-15-35_2026",2,"1/22/2026","5dpi","123-W2021009-255_R2_5dpi","W2021009-255",0.95,0.3,0.5,0.3,0.5,0.2,638,32,0,0,45,4.78,0.5,0.7,0.4,0.35,0.61,0.21,0.1,0.2,0.1,0,0,0,0.35,0.61,0.21,0,0,0
"49","2/5/2026 6:16","0m 39s","ResNet","Jan26_23-15-35_2026",2,"1/22/2026","5dpi","123-W2021009-621_R2_5dpi","W2021009-621",0.95,0.3,0.5,0.3,0.5,0.2,643,33,0,0,14,4.88,0.5,0.7,0.4,0.43,0.84,0.28,0.1,0.2,0.1,0,0,0,0.43,0.84,0.28,0,0,0
"50","2/5/2026 6:16","0m 27s","ResNet","Jan26_23-15-35_2026",2,"1/22/2026","5dpi","127-W2021006-143_R2_5dpi","W2021006-143",0.95,0.3,0.5,0.3,0.5,0.2,643,3,0,0,13,0.46,0.5,0.7,0.4,0.04,0.07,0.03,0.1,0.2,0.1,0,0,0,0.04,0.07,0.03,0,0,0
"51","2/5/2026 6:17","4m 21s","ResNet","Jan26_23-15-35_2026",2,"1/22/2026","5dpi","127-W2021009-292_R2_5dpi","W2021009-292",0.95,0.3,0.5,0.3,0.5,0.2,149,519,19,2.765647744,20,78.31,0.5,0.7,0.4,7.33,14.01,4.73,0.1,0.2,0.1,2,0.75,1.03,9.33,14.76,5.76,0,0,0
"52","2/5/2026 6:21","3m 23s","ResNet","Jan26_23-15-35_2026",2,"1/22/2026","5dpi","128-W2021006-013_R1_5dpi","W2021006-013",0.95,0.3,0.5,0.3,0.5,0.2,186,375,2,0.355239787,73,66.96,0.5,0.7,0.4,5.1,9.53,4.83,0.1,0.2,0.1,0.25,0.12,0.2,5.35,9.65,5.03,0,0,0
"53","2/5/2026 6:25","0m 46s","ResNet","Jan26_23-15-35_2026",2,"1/22/2026","5dpi","129-W2021006-119_R2_5dpi","W2021006-119",0.95,0.3,0.5,0.3,0.5,0.2,645,39,3,0.436681223,24,6.11,0.5,0.7,0.4,0.46,0.81,0.42,0.1,0.2,0.1,0.25,0.18,0.2,0.72,0.99,0.62,0,0,0
"54","2/5/2026 6:25","0m 26s","ResNet","Jan26_23-15-35_2026",2,"1/22/2026","5dpi","132-W2021010-399_R1_5dpi","W2021010-399",0.95,0.3,0.5,0.3,0.5,0.2,623,1,0,0,44,0.16,0.5,0.7,0.4,0.01,0.02,0.01,0.1,0.2,0.1,0,0,0,0.01,0.02,0.01,0,0,0
"55","2/5/2026 6:26","1m 0s","ResNet","Jan26_23-15-35_2026",2,"1/22/2026","5dpi","132-W2021011-644_R2_5dpi","W2021011-644",0.95,0.3,0.5,0.3,0.5,0.2,620,64,5,0.725689405,35,10.01,0.5,0.7,0.4,0.65,1.28,0.49,0.1,0.2,0.1,0.26,0.46,0.22,0.91,1.74,0.71,0,0,0
"56","2/5/2026 6:27","2m 29s","ResNet","Jan26_23-15-35_2026",2,"1/22/2026","5dpi","134-W2021006-001_R1_5dpi","W2021006-001",0.95,0.3,0.5,0.3,0.5,0.2,339,244,2,0.341880342,86,42.05,0.5,0.7,0.4,3.5,5.85,2.88,0.1,0.2,0.1,0.24,0.09,0.14,3.74,5.94,3.02,0,0,0
"57","2/5/2026 6:29","1m 21s","ResNet","Jan26_23-15-35_2026",2,"1/22/2026","5dpi","134-W2021009-275_R1_5dpi","W2021009-275",0.95,0.3,0.5,0.3,0.5,0.2,508,104,2,0.325732899,60,17.26,0.5,0.7,0.4,1.14,2.2,0.83,0.1,0.2,0.1,0.19,0.18,0.06,1.32,2.38,0.88,0,0,0
"58","2/5/2026 6:31","0m 30s","ResNet","Jan26_23-15-35_2026",2,"1/22/2026","5dpi","137-W2021010-342_R2_5dpi","W2021010-342",0.95,0.3,0.5,0.3,0.5,0.2,657,5,2,0.301204819,28,1.05,0.5,0.7,0.4,0.04,0.07,0.05,0.1,0.2,0.1,0.25,0.16,0.13,0.3,0.23,0.18,0,0,0
"59","2/5/2026 6:31","0m 28s","ResNet","Jan26_23-15-35_2026",2,"1/22/2026","5dpi","138-W2021010-446_R1_5dpi","W2021010-446",0.95,0.3,0.5,0.3,0.5,0.2,665,3,0,0,31,0.45,0.5,0.7,0.4,0.03,0.05,0.02,0.1,0.2,0.1,0,0,0,0.03,0.05,0.02,0,0,0
"60","2/5/2026 6:32","5m 49s","ResNet","Jan26_23-15-35_2026",2,"1/22/2026","5dpi","141-W2021009-274_R1_5dpi","W2021009-274",0.95,0.3,0.5,0.3,0.5,0.2,123,581,13,1.813110181,35,82.85,0.5,0.7,0.4,7.75,15.02,4.66,0.1,0.2,0.1,1.41,0.6,0.44,9.16,15.62,5.11,0,0,0
"61","2/5/2026 6:37","0m 27s","ResNet","Jan26_23-15-35_2026",2,"1/22/2026","5dpi","143-W2021010-313_R2_5dpi","W2021010-313",0.95,0.3,0.5,0.3,0.5,0.2,667,1,0,0,8,0.15,0.5,0.7,0.4,0.01,0.02,0.01,0.1,0.2,0.1,0,0,0,0.01,0.02,0.01,0,0,0
"62","2/5/2026 6:38","1m 46s","ResNet","Jan26_23-15-35_2026",2,"1/22/2026","5dpi","148-W2021011-462_R2_5dpi","W2021011-462",0.95,0.3,0.5,0.3,0.5,0.2,489,139,1,0.158982512,79,22.26,0.5,0.7,0.4,1.69,2.99,1.55,0.1,0.2,0.1,0.1,0.06,0.04,1.8,3.05,1.59,0,0,0
"63","2/5/2026 6:40","0m 57s","ResNet","Jan26_23-15-35_2026",2,"1/22/2026","5dpi","149-W2021010-417_R1_5dpi","W2021010-417",0.95,0.3,0.5,0.3,0.5,0.2,610,46,8,1.204819277,26,8.13,0.5,0.7,0.4,0.59,1.05,0.5,0.1,0.2,0.1,0.87,0.61,0.47,1.46,1.66,0.97,0,0,0
"64","2/5/2026 6:41","0m 28s","ResNet","Jan26_23-15-35_2026",2,"1/22/2026","5dpi","154-W2021010-419_R1_5dpi","W2021010-419",0.95,0.3,0.5,0.3,0.5,0.2,682,2,1,0.145985401,18,0.44,0.5,0.7,0.4,0.02,0.03,0.02,0.1,0.2,0.1,0.13,0.05,0.07,0.15,0.08,0.09,0,0,0
"65","2/5/2026 6:41","0m 34s","ResNet","Jan26_23-15-35_2026",2,"1/22/2026","5dpi","155-W2021011-639_R1_5dpi","W2021011-639",0.95,0.3,0.5,0.3,0.5,0.2,637,14,0,0,9,2.15,0.5,0.7,0.4,0.16,0.31,0.16,0.1,0.2,0.1,0,0,0,0.16,0.31,0.16,0,0,0
"66","2/5/2026 6:42","0m 43s","ResNet","Jan26_23-15-35_2026",2,"1/22/2026","5dpi","156-W2021009-276_R2_5dpi","W2021009-276",0.95,0.3,0.5,0.3,0.5,0.2,675,29,0,0,38,4.12,0.5,0.7,0.4,0.31,0.61,0.23,0.1,0.2,0.1,0,0,0,0.31,0.61,0.23,0,0,0
"67","2/5/2026 6:42","3m 4s","ResNet","Jan26_23-15-35_2026",2,"1/22/2026","5dpi","158-W2021006-114_R1_5dpi","W2021006-114",0.95,0.3,0.5,0.3,0.5,0.2,336,254,13,2.155887231,67,44.28,0.5,0.7,0.4,3.67,7.08,2.62,0.1,0.2,0.1,1.57,0.69,0.73,5.24,7.78,3.35,0,0,0
"68","2/5/2026 6:45","0m 35s","ResNet","Jan26_23-15-35_2026",2,"1/22/2026","5dpi","167-W2021006-003_R2_5dpi","W2021006-003",0.95,0.3,0.5,0.3,0.5,0.2,556,15,0,0,46,2.63,0.5,0.7,0.4,0.21,0.4,0.2,0.1,0.2,0.1,0,0,0,0.21,0.4,0.2,0,0,0
"69","2/5/2026 6:46","6m 14s","ResNet","Jan26_23-15-35_2026",2,"1/22/2026","5dpi","169-W2021009-623_R2_5dpi","W2021009-623",0.95,0.3,0.5,0.3,0.5,0.2,171,544,11,1.515151515,23,76.45,0.5,0.7,0.4,7.2,14.43,4.8,0.1,0.2,0.1,1.1,0.44,0.47,8.3,14.87,5.27,0,0,0
"70","2/5/2026 6:52","2m 37s","ResNet","Jan26_23-15-35_2026",2,"1/22/2026","5dpi","169-W2021011-477_R1_5dpi","W2021011-477",0.95,0.3,0.5,0.3,0.5,0.2,436,200,2,0.313479624,46,31.66,0.5,0.7,0.4,2.85,5.35,2.09,0.1,0.2,0.1,0.23,0.17,0.11,3.08,5.51,2.2,0,0,0
"71","2/5/2026 6:55","1m 1s","ResNet","Jan26_23-15-35_2026",2,"1/22/2026","5dpi","172-W2021011-557_R2_5dpi","W2021011-557",0.95,0.3,0.5,0.3,0.5,0.2,668,53,0,0,31,7.35,0.5,0.7,0.4,0.61,1.08,0.54,0.1,0.2,0.1,0,0,0,0.61,1.08,0.54,0,0,0
"72","2/5/2026 6:56","0m 30s","ResNet","Jan26_23-15-35_2026",2,"1/22/2026","5dpi","173-W2021006-127_R2_5dpi","W2021006-127",0.95,0.3,0.5,0.3,0.5,0.2,676,4,1,0.146842878,12,0.73,0.5,0.7,0.4,0.04,0.07,0.04,0.1,0.2,0.1,0.12,0.05,0.09,0.16,0.12,0.13,0,0,0
"73","2/5/2026 6:56","1m 0s","ResNet","Jan26_23-15-35_2026",2,"1/22/2026","5dpi","174-W2021009-156_R2_5dpi","W2021009-156",0.95,0.3,0.5,0.3,0.5,0.2,502,53,0,0,51,9.55,0.5,0.7,0.4,0.62,1.32,0.64,0.1,0.2,0.1,0,0,0,0.62,1.32,0.64,0,0,0
"74","2/5/2026 6:57","0m 25s","ResNet","Jan26_23-15-35_2026",2,"1/22/2026","5dpi","176-W2021009-256_R2_5dpi","W2021009-256",0.95,0.3,0.5,0.3,0.5,0.2,470,2,0,0,15,0.42,0.5,0.7,0.4,0.03,0.05,0.02,0.1,0.2,0.1,0,0,0,0.03,0.05,0.02,0,0,0
"75","2/5/2026 6:58","0m 50s","ResNet","Jan26_23-15-35_2026",2,"1/22/2026","5dpi","177-W2021009-194_R1_5dpi","W2021009-194",0.95,0.3,0.5,0.3,0.5,0.2,592,36,0,0,34,5.73,0.5,0.7,0.4,0.45,0.86,0.35,0.1,0.2,0.1,0,0,0,0.45,0.86,0.35,0,0,0
"76","2/5/2026 6:59","1m 9s","ResNet","Jan26_23-15-35_2026",2,"1/22/2026","5dpi","180-W2021009-152_R1_5dpi","W2021009-152",0.95,0.3,0.5,0.3,0.5,0.2,450,66,0,0,95,12.79,0.5,0.7,0.4,0.79,1.56,0.68,0.1,0.2,0.1,0,0,0,0.79,1.56,0.68,0,0,0
"77","2/5/2026 7:00","4m 12s","ResNet","Jan26_23-15-35_2026",2,"1/22/2026","5dpi","180-W2021011-476_R2_5dpi","W2021011-476",0.95,0.3,0.5,0.3,0.5,0.2,189,321,7,1.353965184,120,63.44,0.5,0.7,0.4,4.32,9.21,4.04,0.1,0.2,0.1,0.9,0.43,0.4,5.22,9.64,4.44,0,0,0
"78","2/5/2026 7:04","0m 28s","ResNet","Jan26_23-15-35_2026",2,"1/22/2026","5dpi","182-W2021009-251_R1_5dpi","W2021009-251",0.95,0.3,0.5,0.3,0.5,0.2,745,1,0,0,14,0.13,0.5,0.7,0.4,0.01,0.01,0,0.1,0.2,0.1,0,0,0,0.01,0.01,0,0,0,0
"79","2/5/2026 7:05","0m 33s","ResNet","Jan26_23-15-35_2026",2,"1/22/2026","5dpi","183-W2021009-295_R1_5dpi","W2021009-295",0.95,0.3,0.5,0.3,0.5,0.2,580,10,1,0.169204738,20,1.86,0.5,0.7,0.4,0.12,0.22,0.11,0.1,0.2,0.1,0.06,0.06,0.03,0.18,0.27,0.14,0,0,0
"80","2/5/2026 7:05","0m 53s","ResNet","Jan26_23-15-35_2026",2,"1/22/2026","5dpi","185-W2021009-199_R1_5dpi","W2021009-199",0.95,0.3,0.5,0.3,0.5,0.2,595,39,0,0,30,6.15,0.5,0.7,0.4,0.38,0.94,0.29,0.1,0.2,0.1,0,0,0,0.38,0.94,0.29,0,0,0
"81","2/5/2026 7:06","0m 42s","ResNet","Jan26_23-15-35_2026",2,"1/22/2026","5dpi","185-W2021009-291_R2_5dpi","W2021009-291",0.95,0.3,0.5,0.3,0.5,0.2,706,20,0,0,19,2.75,0.5,0.7,0.4,0.18,0.42,0.17,0.1,0.2,0.1,0,0,0,0.18,0.42,0.17,0,0,0
"82","2/5/2026 7:07","5m 17s","ResNet","Jan26_23-15-35_2026",2,"1/22/2026","5dpi","187-W2021010-348_R2_5dpi","W2021010-348",0.95,0.3,0.5,0.3,0.5,0.2,144,399,6,1.092896175,91,73.77,0.5,0.7,0.4,6.02,11.7,4.69,0.1,0.2,0.1,0.81,0.24,0.42,6.84,11.93,5.11,0,0,0
"83","2/5/2026 7:12","0m 30s","ResNet","Jan26_23-15-35_2026",2,"1/22/2026","5dpi","191-W2021010-426_R2_5dpi","W2021010-426",0.95,0.3,0.5,0.3,0.5,0.2,755,4,0,0,3,0.53,0.5,0.7,0.4,0.04,0.06,0.03,0.1,0.2,0.1,0,0,0,0.04,0.06,0.03,0,0,0
"84","2/5/2026 7:13","1m 14s","ResNet","Jan26_23-15-35_2026",2,"1/22/2026","5dpi","191-W2021010-449_R1_5dpi","W2021010-449",0.95,0.3,0.5,0.3,0.5,0.2,609,64,1,0.148367953,50,9.64,0.5,0.7,0.4,0.72,1.48,0.64,0.1,0.2,0.1,0.13,0.09,0.06,0.85,1.57,0.7,0,0,0
"85","2/5/2026 7:14","0m 32s","ResNet","Jan26_23-15-35_2026",2,"1/22/2026","5dpi","192-W2021006-005_R1_5dpi","W2021006-005",0.95,0.3,0.5,0.3,0.5,0.2,607,8,0,0,31,1.3,0.5,0.7,0.4,0.1,0.17,0.09,0.1,0.2,0.1,0,0,0,0.1,0.17,0.09,0,0,0
"86","2/5/2026 7:14","0m 27s","ResNet","Jan26_23-15-35_2026",2,"1/22/2026","5dpi","206-W2021010-344_R1_5dpi","W2021010-344",0.95,0.3,0.5,0.3,0.5,0.2,633,1,0,0,19,0.16,0.5,0.7,0.4,0.02,0.02,0.01,0.1,0.2,0.1,0,0,0,0.02,0.02,0.01,0,0,0
"87","2/5/2026 7:15","0m 27s","ResNet","Jan26_23-15-35_2026",2,"1/22/2026","5dpi","207-W2021009-287_R2_5dpi","W2021009-287",0.95,0.3,0.5,0.3,0.5,0.2,690,2,0,0,3,0.29,0.5,0.7,0.4,0.02,0.03,0.02,0.1,0.2,0.1,0,0,0,0.02,0.03,0.02,0,0,0
"88","2/5/2026 7:15","2m 27s","ResNet","Jan26_23-15-35_2026",2,"1/22/2026","5dpi","208-W2021009-268_R2_5dpi","W2021009-268",0.95,0.3,0.5,0.3,0.5,0.2,476,162,0,0,72,25.39,0.5,0.7,0.4,1.71,3.44,1.15,0.1,0.2,0.1,0,0,0,1.71,3.44,1.15,0,0,0
"89","2/5/2026 7:18","3m 11s","ResNet","Jan26_23-15-35_2026",2,"1/22/2026","5dpi","209-W2021010-439_R2_5dpi","W2021010-439",0.95,0.3,0.5,0.3,0.5,0.2,437,214,1,0.153374233,44,32.98,0.5,0.7,0.4,2.81,5.09,2,0.1,0.2,0.1,0.13,0.04,0.06,2.94,5.12,2.06,0,0,0
"90","2/5/2026 7:21","1m 38s","ResNet","Jan26_23-15-35_2026",2,"1/22/2026","5dpi","211-W2021011-598_R2_5dpi","W2021011-598",0.95,0.3,0.5,0.3,0.5,0.2,603,90,2,0.287769784,46,13.24,0.5,0.7,0.4,1.11,1.95,0.94,0.1,0.2,0.1,0.21,0.08,0.12,1.32,2.03,1.06,0,0,0
"91","2/5/2026 7:22","0m 59s","ResNet","Jan26_23-15-35_2026",2,"1/22/2026","5dpi","215-W2021006-045_R2_5dpi","W2021006-045",0.95,0.3,0.5,0.3,0.5,0.2,577,43,0,0,24,6.94,0.5,0.7,0.4,0.54,0.97,0.46,0.1,0.2,0.1,0,0,0,0.54,0.97,0.46,0,0,0
"92","2/5/2026 7:23","3m 19s","ResNet","Jan26_23-15-35_2026",2,"1/22/2026","5dpi","223-W2021010-442_R2_5dpi","W2021010-442",0.95,0.3,0.5,0.3,0.5,0.2,370,219,2,0.338409475,71,37.39,0.5,0.7,0.4,3.17,5.25,2.38,0.1,0.2,0.1,0.24,0.12,0.13,3.4,5.36,2.51,0,0,0
"93","2/5/2026 7:27","0m 29s","ResNet","Jan26_23-15-35_2026",2,"1/22/2026","5dpi","226-W2021010-435_R1_5dpi","W2021010-435",0.95,0.3,0.5,0.3,0.5,0.2,645,1,3,0.462249615,18,0.62,0.5,0.7,0.4,0.01,0.02,0.01,0.1,0.2,0.1,0.36,0.19,0.2,0.37,0.21,0.21,0,0,0
"94","2/5/2026 7:27","9m 38s","ResNet","Jan26_23-15-35_2026",2,"1/22/2026","5dpi","230-W2021010-373_R2_5dpi","W2021010-373",0.95,0.3,0.5,0.3,0.5,0.2,14,639,36,5.224963716,11,97.97,0.5,0.7,0.4,10.34,17.8,6.81,0.1,0.2,0.1,3.92,1.36,1.45,14.27,19.16,8.25,0,0,0
"95","2/5/2026 7:37","1m 41s","ResNet","Jan26_23-15-35_2026",2,"1/22/2026","5dpi","233-W2021009-215_R2_5dpi","W2021009-215",0.95,0.3,0.5,0.3,0.5,0.2,587,87,2,0.295857988,31,13.17,0.5,0.7,0.4,1.18,2.21,0.82,0.1,0.2,0.1,0.21,0.08,0.11,1.39,2.29,0.93,0,0,0
"96","2/5/2026 7:39","7m 55s","ResNet","Jan26_23-15-35_2026",2,"1/22/2026","5dpi","240-Symphony_R2_5dpi","Symphony",0.95,0.3,0.5,0.3,0.5,0.2,151,498,21,3.134328358,48,77.46,0.5,0.7,0.4,7.31,12.76,4.95,0.1,0.2,0.1,2.31,1.07,0.94,9.62,13.83,5.89,0,0,0
"97","2/5/2026 7:47","0m 25s","ResNet","Jan26_23-15-35_2026",2,"1/22/2026","5dpi","254-W2021010-352_R2_5dpi","W2021010-352",0.95,0.3,0.5,0.3,0.5,0.2,556,0,0,0,12,0,0.5,0.7,0.4,0,0,0,0.1,0.2,0.1,0,0,0,0,0,0,0,0,0
"98","2/5/2026 7:47","0m 39s","ResNet","Jan26_23-15-35_2026",2,"1/22/2026","5dpi","266-W2021009-193_R1_5dpi","W2021009-193",0.95,0.3,0.5,0.3,0.5,0.2,608,16,0,0,12,2.56,0.5,0.7,0.4,0.19,0.4,0.2,0.1,0.2,0.1,0,0,0,0.19,0.4,0.2,0,0,0
"99","2/5/2026 7:48","0m 27s","ResNet","Jan26_23-15-35_2026",2,"1/22/2026","5dpi","313-W2021010-343_R1_5dpi","W2021010-343",0.95,0.3,0.5,0.3,0.5,0.2,613,2,0,0,21,0.33,0.5,0.7,0.4,0.04,0.03,0.03,0.1,0.2,0.1,0,0,0,0.04,0.03,0.03,0,0,0
"100","2/5/2026 7:48","4m 11s","ResNet","Jan26_23-15-35_2026",2,"1/22/2026","5dpi","336-W2021011-506_R2_5dpi","W2021011-506",0.95,0.3,0.5,0.3,0.5,0.2,389,244,9,1.401869159,51,39.41,0.5,0.7,0.4,2.76,5.99,2.74,0.1,0.2,0.1,1.02,0.41,0.47,3.78,6.4,3.21,0,0,0
"101","2/4/2026 21:33","0m 31s","ResNet","Jan26_23-15-35_2026",2,"1/22/2026","10dpi","001-W2021006-099_R2_10dpi","W2021006-099",0.95,0.3,0.5,0.3,0.5,0.2,628,12,0,0,16,1.88,0.5,0.7,0.4,0.15,0.28,0.15,0.1,0.2,0.1,0,0,0,0.15,0.28,0.15,0,0,0
"102","2/4/2026 21:34","0m 28s","ResNet","Jan26_23-15-35_2026",2,"1/22/2026","10dpi","003-W2021006-150_R1_10dpi","W2021006-150",0.95,0.3,0.5,0.3,0.5,0.2,614,2,0,0,14,0.32,0.5,0.7,0.4,0.02,0.03,0.02,0.1,0.2,0.1,0,0,0,0.02,0.03,0.02,0,0,0
"103","2/4/2026 21:34","0m 51s","ResNet","Jan26_23-15-35_2026",2,"1/22/2026","10dpi","004-NUGGET_R2_10dpi","NUGGET",0.95,0.3,0.5,0.3,0.5,0.2,421,70,184,27.25925926,24,37.63,0.5,0.7,0.4,0.97,1.71,1,0.1,0.2,0.1,22.12,13.53,12.34,23.08,15.23,13.33,0,0,0
"104","2/4/2026 21:35","0m 29s","ResNet","Jan26_23-15-35_2026",2,"1/22/2026","10dpi","012-W2021011-458_R2_10dpi","W2021011-458",0.95,0.3,0.5,0.3,0.5,0.2,672,2,1,0.148148148,2,0.44,0.5,0.7,0.4,0.01,0.04,0.03,0.1,0.2,0.1,0.03,0.06,0.07,0.04,0.1,0.1,0,0,0
"105","2/4/2026 21:36","0m 30s","ResNet","Jan26_23-15-35_2026",2,"1/22/2026","10dpi","013-W2021009-172_R1_10dpi","W2021009-172",0.95,0.3,0.5,0.3,0.5,0.2,652,11,4,0.59970015,9,2.25,0.5,0.7,0.4,0.11,0.26,0.13,0.1,0.2,0.1,0.5,0.15,0.29,0.61,0.41,0.42,0,0,0
"106","2/4/2026 21:36","0m 52s","ResNet","Jan26_23-15-35_2026",2,"1/22/2026","10dpi","013-W2021011-633_R2_10dpi","W2021011-633",0.95,0.3,0.5,0.3,0.5,0.2,480,87,100,14.99250375,57,28.04,0.5,0.7,0.4,1.23,1.99,1.13,0.1,0.2,0.1,10.69,6.81,6.32,11.91,8.8,7.45,0,0,0
"107","2/4/2026 21:37","0m 30s","ResNet","Jan26_23-15-35_2026",2,"1/22/2026","10dpi","015-W2021010-355_R2_10dpi","W2021010-355",0.95,0.3,0.5,0.3,0.5,0.2,578,18,0,0,18,3.02,0.5,0.7,0.4,0.2,0.4,0.18,0.1,0.2,0.1,0,0,0,0.2,0.4,0.18,0,0,0
"108","2/4/2026 21:38","0m 30s","ResNet","Jan26_23-15-35_2026",2,"1/22/2026","10dpi","017-W2021010-405_R2_10dpi","W2021010-405",0.95,0.3,0.5,0.3,0.5,0.2,691,0,1,0.144508671,4,0.14,0.5,0.7,0.4,0,0,0,0.1,0.2,0.1,0.11,0.07,0.1,0.11,0.07,0.1,0,0,0
"109","2/4/2026 21:38","0m 33s","ResNet","Jan26_23-15-35_2026",2,"1/22/2026","10dpi","018-W2021010-405_R1_10dpi","W2021010-405",0.95,0.3,0.5,0.3,0.5,0.2,634,23,1,0.151975684,81,3.65,0.5,0.7,0.4,0.27,0.49,0.26,0.1,0.2,0.1,0.07,0.05,0.04,0.34,0.54,0.3,0,0,0
"110","2/4/2026 21:39","0m 28s","ResNet","Jan26_23-15-35_2026",2,"1/22/2026","10dpi","018-W2021010-405_R2_10dpi","W2021010-405",0.95,0.3,0.5,0.3,0.5,0.2,669,0,0,0,1,0,0.5,0.7,0.4,0,0,0,0.1,0.2,0.1,0,0,0,0,0,0,0,0,0
"111","2/4/2026 21:39","2m 0s","ResNet","Jan26_23-15-35_2026",2,"1/22/2026","10dpi","025-W2021009-622_R1_10dpi","W2021009-622",0.95,0.3,0.5,0.3,0.5,0.2,103,123,437,65.91251885,33,84.46,0.5,0.7,0.4,1.97,3.31,1.68,0.1,0.2,0.1,52.45,32.37,27.04,54.42,35.68,28.72,0,0,0
"112","2/4/2026 21:41","0m 30s","ResNet","Jan26_23-15-35_2026",2,"1/22/2026","10dpi","026-W2021010-346_R2_10dpi","W2021010-346",0.95,0.3,0.5,0.3,0.5,0.2,736,0,0,0,0,0,0.5,0.7,0.4,0,0,0,0.1,0.2,0.1,0,0,0,0,0,0,0,0,0
"113","2/4/2026 21:42","1m 50s","ResNet","Jan26_23-15-35_2026",2,"1/22/2026","10dpi","027-W2021009-622_R2_10dpi","W2021009-622",0.95,0.3,0.5,0.3,0.5,0.2,254,181,205,32.03125,70,60.31,0.5,0.7,0.4,2.39,4.33,2.4,0.1,0.2,0.1,23.07,13.31,13,25.46,17.63,15.4,0,0,0
"114","2/4/2026 21:44","1m 4s","ResNet","Jan26_23-15-35_2026",2,"1/22/2026","10dpi","028-W2021010-354_R2_10dpi","W2021010-354",0.95,0.3,0.5,0.3,0.5,0.2,515,52,89,13.56707317,34,21.49,0.5,0.7,0.4,0.6,1.1,0.61,0.1,0.2,0.1,10.84,6.31,5.67,11.43,7.41,6.29,0,0,0
"115","2/4/2026 21:45","2m 6s","ResNet","Jan26_23-15-35_2026",2,"1/22/2026","10dpi","029-W2021010-354_R1_10dpi","W2021010-354",0.95,0.3,0.5,0.3,0.5,0.2,240,277,96,15.66068515,74,60.85,0.5,0.7,0.4,3.51,6.89,3.37,0.1,0.2,0.1,11.24,6.5,6.28,14.75,13.39,9.65,0,0,0
"116","2/4/2026 21:47","0m 28s","ResNet","Jan26_23-15-35_2026",2,"1/22/2026","10dpi","037-W2021009-198_R2_10dpi","W2021009-198",0.95,0.3,0.5,0.3,0.5,0.2,649,1,0,0,4,0.15,0.5,0.7,0.4,0.01,0.02,0.01,0.1,0.2,0.1,0,0,0,0.01,0.02,0.01,0,0,0
"117","2/4/2026 21:47","3m 5s","ResNet","Jan26_23-15-35_2026",2,"1/22/2026","10dpi","037-W2021009-277_R1_10dpi","W2021009-277",0.95,0.3,0.5,0.3,0.5,0.2,72,66,470,77.30263158,29,88.16,0.5,0.7,0.4,0.97,1.84,0.94,0.1,0.2,0.1,63.79,40.72,34.72,64.76,42.56,35.65,0,0,0
"118","2/4/2026 21:50","1m 2s","ResNet","Jan26_23-15-35_2026",2,"1/22/2026","10dpi","042-W2021006-015_R1_10dpi","W2021006-015",0.95,0.3,0.5,0.3,0.5,0.2,509,105,3,0.486223663,60,17.5,0.5,0.7,0.4,1.21,2.37,1.3,0.1,0.2,0.1,0.32,0.16,0.21,1.52,2.53,1.51,0,0,0
"119","2/4/2026 21:51","0m 34s","ResNet","Jan26_23-15-35_2026",2,"1/22/2026","10dpi","046-W2021009-208_R2_10dpi","W2021009-208",0.95,0.3,0.5,0.3,0.5,0.2,636,13,8,1.217656012,17,3.2,0.5,0.7,0.4,0.17,0.27,0.16,0.1,0.2,0.1,0.9,0.45,0.63,1.07,0.72,0.79,0,0,0
"120","2/4/2026 21:52","1m 28s","ResNet","Jan26_23-15-35_2026",2,"1/22/2026","10dpi","049-W2021011-583_R1_10dpi","W2021011-583",0.95,0.3,0.5,0.3,0.5,0.2,463,79,100,15.57632399,70,27.88,0.5,0.7,0.4,0.94,1.66,0.95,0.1,0.2,0.1,10.79,5.88,7.04,11.73,7.54,7.99,0,0,0
"121","2/4/2026 21:53","0m 29s","ResNet","Jan26_23-15-35_2026",2,"1/22/2026","10dpi","051-W2021010-443_R1_10dpi","W2021010-443",0.95,0.3,0.5,0.3,0.5,0.2,715,0,0,0,2,0,0.5,0.7,0.4,0,0,0,0.1,0.2,0.1,0,0,0,0,0,0,0,0,0
"122","2/4/2026 21:54","4m 19s","ResNet","Jan26_23-15-35_2026",2,"1/22/2026","10dpi","051-W2021011-583_R1_10dpi","W2021011-583",0.95,0.3,0.5,0.3,0.5,0.2,108,160,458,63.08539945,20,85.12,0.5,0.7,0.4,2.05,3.68,2.05,0.1,0.2,0.1,50.7,31.97,28.61,52.76,35.65,30.66,0,0,0
"123","2/4/2026 21:58","2m 3s","ResNet","Jan26_23-15-35_2026",2,"1/22/2026","10dpi","051-W2021011-583_R2_10dpi","W2021011-583",0.95,0.3,0.5,0.3,0.5,0.2,490,145,85,11.80555556,38,31.94,0.5,0.7,0.4,1.94,3.51,1.74,0.1,0.2,0.1,8.28,4.71,4.86,10.22,8.22,6.6,0,0,0
"124","2/4/2026 22:00","0m 32s","ResNet","Jan26_23-15-35_2026",2,"1/22/2026","10dpi","057-W2021011-504_R2_10dpi","W2021011-504",0.95,0.3,0.5,0.3,0.5,0.2,617,5,5,0.797448166,40,1.59,0.5,0.7,0.4,0.07,0.1,0.07,0.1,0.2,0.1,0.48,0.34,0.36,0.54,0.45,0.43,0,0,0
"125","2/4/2026 22:01","0m 47s","ResNet","Jan26_23-15-35_2026",2,"1/22/2026","10dpi","061-W2021011-483_R1_10dpi","W2021011-483",0.95,0.3,0.5,0.3,0.5,0.2,525,44,2,0.350262697,123,8.06,0.5,0.7,0.4,0.51,0.81,0.53,0.1,0.2,0.1,0.19,0.13,0.14,0.7,0.94,0.67,0,0,0
"126","2/4/2026 22:02","2m 50s","ResNet","Jan26_23-15-35_2026",2,"1/22/2026","10dpi","062-W2021010-432_R2_10dpi","W2021010-432",0.95,0.3,0.5,0.3,0.5,0.2,289,195,132,21.42857143,100,53.08,0.5,0.7,0.4,2.7,4.59,2.73,0.1,0.2,0.1,13.95,7.83,8.11,16.66,12.42,10.84,0,0,0
"127","2/4/2026 22:04","3m 16s","ResNet","Jan26_23-15-35_2026",2,"1/22/2026","10dpi","062-W2021011-483_R2_10dpi","W2021011-483",0.95,0.3,0.5,0.3,0.5,0.2,282,177,190,29.27580894,45,56.55,0.5,0.7,0.4,2.21,4.27,2.38,0.1,0.2,0.1,22.18,12.81,12.24,24.39,17.08,14.63,0,0,0
"128","2/4/2026 22:08","2m 37s","ResNet","Jan26_23-15-35_2026",2,"1/22/2026","10dpi","063-W2021011-594_R1_10dpi","W2021011-594",0.95,0.3,0.5,0.3,0.5,0.2,249,135,134,25.86872587,32,51.93,0.5,0.7,0.4,2.56,4.62,2.5,0.1,0.2,0.1,20.66,11.19,11.97,23.22,15.82,14.47,0,0,0
"129","2/4/2026 22:10","2m 39s","ResNet","Jan26_23-15-35_2026",2,"1/22/2026","10dpi","068-W2021011-574_R2_10dpi","W2021011-574",0.95,0.3,0.5,0.3,0.5,0.2,393,178,72,11.19751166,48,38.88,0.5,0.7,0.4,2.29,4.69,2.16,0.1,0.2,0.1,8.48,4.82,4.48,10.77,9.51,6.64,0,0,0
"130","2/4/2026 22:13","1m 8s","ResNet","Jan26_23-15-35_2026",2,"1/22/2026","10dpi","069-W2021011-574_R1_10dpi","W2021011-574",0.95,0.3,0.5,0.3,0.5,0.2,591,39,35,5.263157895,23,11.13,0.5,0.7,0.4,0.59,0.99,0.55,0.1,0.2,0.1,4.15,2.41,2.4,4.74,3.41,2.96,0,0,0
"131","2/4/2026 22:14","3m 42s","ResNet","Jan26_23-15-35_2026",2,"1/22/2026","10dpi","071-W2021006-142_R1_10dpi","W2021006-142",0.95,0.3,0.5,0.3,0.5,0.2,291,291,55,8.63422292,94,54.32,0.5,0.7,0.4,3.79,6.43,3.66,0.1,0.2,0.1,5.17,3.38,3.04,8.97,9.81,6.69,0,0,0
"132","2/4/2026 22:18","7m 34s","ResNet","Jan26_23-15-35_2026",2,"1/22/2026","10dpi","080-W2021011-586_R2_10dpi","W2021011-586",0.95,0.3,0.5,0.3,0.5,0.2,47,102,597,80.02680965,17,93.7,0.5,0.7,0.4,1.46,2.55,1.21,0.1,0.2,0.1,60.36,43.37,33.41,61.82,45.93,34.62,0,0,0
"133","2/4/2026 22:25","7m 43s","ResNet","Jan26_23-15-35_2026",2,"1/22/2026","10dpi","088-W2021009-288_R2_10dpi","W2021009-288",0.95,0.3,0.5,0.3,0.5,0.2,67,77,574,79.94428969,18,90.67,0.5,0.7,0.4,1.03,1.86,1.1,0.1,0.2,0.1,62.61,44.97,34.09,63.65,46.84,35.19,0,0,0
"134","2/4/2026 22:33","0m 33s","ResNet","Jan26_23-15-35_2026",2,"1/22/2026","10dpi","091-W2021010-394_R2_10dpi","W2021010-394",0.95,0.3,0.5,0.3,0.5,0.2,737,3,2,0.269541779,0,0.67,0.5,0.7,0.4,0.03,0.07,0.03,0.1,0.2,0.1,0.24,0.1,0.13,0.27,0.17,0.17,0,0,0
"135","2/4/2026 22:34","1m 22s","ResNet","Jan26_23-15-35_2026",2,"1/22/2026","10dpi","092-W2021010-394_R1_10dpi","W2021010-394",0.95,0.3,0.5,0.3,0.5,0.2,475,78,1,0.180505415,95,14.26,0.5,0.7,0.4,0.97,1.74,0.89,0.1,0.2,0.1,0.05,0.07,0.04,1.03,1.8,0.92,0,0,0
"136","2/4/2026 22:35","0m 38s","ResNet","Jan26_23-15-35_2026",2,"1/22/2026","10dpi","095-W2021009-283_R1_10dpi","W2021009-283",0.95,0.3,0.5,0.3,0.5,0.2,549,13,2,0.354609929,51,2.66,0.5,0.7,0.4,0.16,0.25,0.17,0.1,0.2,0.1,0.19,0.1,0.2,0.35,0.35,0.37,0,0,0
"137","2/4/2026 22:36","7m 32s","ResNet","Jan26_23-15-35_2026",2,"1/22/2026","10dpi","097-W2021006-126_R2_10dpi","W2021006-126",0.95,0.3,0.5,0.3,0.5,0.2,100,92,494,72.01166181,14,85.42,0.5,0.7,0.4,1.4,2.64,1.4,0.1,0.2,0.1,60.8,38.52,32.15,62.2,41.17,33.56,0,0,0
"138","2/4/2026 22:43","7m 26s","ResNet","Jan26_23-15-35_2026",2,"1/22/2026","10dpi","097-W2021006-611_R1_10dpi","W2021006-611",0.95,0.3,0.5,0.3,0.5,0.2,9,71,474,85.55956679,4,98.38,0.5,0.7,0.4,1.5,2.42,1.35,0.1,0.2,0.1,71.53,37.9,39.43,73.03,40.31,40.78,0,0,0
"139","2/4/2026 22:51","8m 2s","ResNet","Jan26_23-15-35_2026",2,"1/22/2026","10dpi","098-W2021006-126_R1_10dpi","W2021006-126",0.95,0.3,0.5,0.3,0.5,0.2,124,159,386,57.6980568,35,81.46,0.5,0.7,0.4,2.18,3.87,2.13,0.1,0.2,0.1,46.24,27.74,25.98,48.42,31.6,28.11,0,0,0
"140","2/4/2026 22:59","3m 22s","ResNet","Jan26_23-15-35_2026",2,"1/22/2026","10dpi","099-W2021006-611_R2_10dpi","W2021006-611",0.95,0.3,0.5,0.3,0.5,0.2,472,123,83,12.24188791,57,30.38,0.5,0.7,0.4,1.49,2.83,1.46,0.1,0.2,0.1,8.89,4.92,5.26,10.37,7.75,6.72,0,0,0
"141","2/4/2026 23:02","8m 53s","ResNet","Jan26_23-15-35_2026",2,"1/22/2026","10dpi","102-W2021011-565_R2_10dpi","W2021011-565",0.95,0.3,0.5,0.3,0.5,0.2,45,144,440,69.95230525,26,92.85,0.5,0.7,0.4,2.34,3.93,2.06,0.1,0.2,0.1,51.74,38.28,27.6,54.07,42.22,29.66,0,0,0
"142","2/4/2026 23:11","5m 4s","ResNet","Jan26_23-15-35_2026",2,"1/22/2026","10dpi","103-W2021011-591_R2_10dpi","W2021011-591",0.95,0.3,0.5,0.3,0.5,0.2,336,166,134,21.06918239,29,47.17,0.5,0.7,0.4,2.76,4.77,2.45,0.1,0.2,0.1,15.06,9.98,8.84,17.83,14.74,11.29,0,0,0
"143","2/4/2026 23:16","7m 17s","ResNet","Jan26_23-15-35_2026",2,"1/22/2026","10dpi","105-W2021010-625_R1_10dpi","W2021010-625",0.95,0.3,0.5,0.3,0.5,0.2,188,358,72,11.65048544,74,69.58,0.5,0.7,0.4,5.42,8.64,5.15,0.1,0.2,0.1,7.28,3.78,4.7,12.69,12.42,9.85,0,0,0
"144","2/4/2026 23:23","4m 53s","ResNet","Jan26_23-15-35_2026",2,"1/22/2026","10dpi","106-21326M_R1_10dpi","21326M",0.95,0.3,0.5,0.3,0.5,0.2,402,157,94,14.39509954,34,38.44,0.5,0.7,0.4,1.88,3.86,1.98,0.1,0.2,0.1,10.64,4.84,7.41,12.52,8.7,9.39,0,0,0
"145","2/4/2026 23:28","1m 58s","ResNet","Jan26_23-15-35_2026",2,"1/22/2026","10dpi","108-W2021011-550_R2_10dpi","W2021011-550",0.95,0.3,0.5,0.3,0.5,0.2,581,39,42,6.344410876,35,12.24,0.5,0.7,0.4,0.48,0.92,0.49,0.1,0.2,0.1,5.14,3.05,2.63,5.62,3.97,3.12,0,0,0
"146","2/4/2026 23:30","13m 17s","ResNet","Jan26_23-15-35_2026",2,"1/22/2026","10dpi","109-W2021006-102_R2_10dpi","W2021006-102",0.95,0.3,0.5,0.3,0.5,0.2,39,39,647,89.24137931,5,94.62,0.5,0.7,0.4,0.61,0.93,0.5,0.1,0.2,0.1,72.33,57.03,40.89,72.94,57.96,41.39,0,0,0
"147","2/4/2026 23:44","0m 39s","ResNet","Jan26_23-15-35_2026",2,"1/22/2026","10dpi","112-W2021006-046_R1_10dpi","W2021006-046",0.95,0.3,0.5,0.3,0.5,0.2,652,8,0,0,22,1.21,0.5,0.7,0.4,0.1,0.19,0.11,0.1,0.2,0.1,0,0,0,0.1,0.19,0.11,0,0,0
"148","2/4/2026 23:44","2m 3s","ResNet","Jan26_23-15-35_2026",2,"1/22/2026","10dpi","112-W2021011-554_R1_10dpi","W2021011-554",0.95,0.3,0.5,0.3,0.5,0.2,575,55,27,4.109589041,20,12.48,0.5,0.7,0.4,0.73,1.39,0.81,0.1,0.2,0.1,3.32,1.92,2.07,4.04,3.31,2.89,0,0,0
"149","2/4/2026 23:46","6m 54s","ResNet","Jan26_23-15-35_2026",2,"1/22/2026","10dpi","115-W2021011-638_R1_10dpi","W2021011-638",0.95,0.3,0.5,0.3,0.5,0.2,290,212,127,20.19077901,89,53.9,0.5,0.7,0.4,3.05,4.93,2.72,0.1,0.2,0.1,13.71,7.14,8.49,16.76,12.07,11.21,0,0,0
"150","2/4/2026 23:53","0m 39s","ResNet","Jan26_23-15-35_2026",2,"1/22/2026","10dpi","116-W2021011-504_R2_10dpi","W2021011-504",0.95,0.3,0.5,0.3,0.5,0.2,719,7,0,0,20,0.96,0.5,0.7,0.4,0.08,0.13,0.07,0.1,0.2,0.1,0,0,0,0.08,0.13,0.07,0,0,0
"151","2/4/2026 23:54","0m 45s","ResNet","Jan26_23-15-35_2026",2,"1/22/2026","10dpi","117-W2021011-504_R1_10dpi","W2021011-504",0.95,0.3,0.5,0.3,0.5,0.2,671,6,7,1.023391813,38,1.9,0.5,0.7,0.4,0.06,0.1,0.06,0.1,0.2,0.1,0.81,0.7,0.53,0.87,0.8,0.59,0,0,0
"152","2/4/2026 23:55","3m 55s","ResNet","Jan26_23-15-35_2026",2,"1/22/2026","10dpi","119-W2021009-171_R2_10dpi","W2021009-171",0.95,0.3,0.5,0.3,0.5,0.2,424,166,17,2.800658979,115,30.15,0.5,0.7,0.4,1.84,3.67,1.9,0.1,0.2,0.1,1.73,0.76,0.99,3.57,4.42,2.89,0,0,0
"153","2/4/2026 23:59","8m 50s","ResNet","Jan26_23-15-35_2026",2,"1/22/2026","10dpi","119-W2021009-299_R2_10dpi","W2021009-299",0.95,0.3,0.5,0.3,0.5,0.2,187,243,191,30.7568438,51,69.89,0.5,0.7,0.4,3.79,6.5,3.71,0.1,0.2,0.1,23.12,11.71,13.1,26.91,18.21,16.81,0,0,0
"154","2/5/2026 0:07","0m 49s","ResNet","Jan26_23-15-35_2026",2,"1/22/2026","10dpi","122-W2021009-267_R2_10dpi","W2021009-267",0.95,0.3,0.5,0.3,0.5,0.2,678,15,1,0.144092219,20,2.31,0.5,0.7,0.4,0.17,0.27,0.18,0.1,0.2,0.1,0.1,0.06,0.08,0.27,0.33,0.26,0,0,0
"155","2/5/2026 0:08","5m 24s","ResNet","Jan26_23-15-35_2026",2,"1/22/2026","10dpi","124-W2021009-278_R1_10dpi","W2021009-278",0.95,0.3,0.5,0.3,0.5,0.2,335,158,96,16.29881154,38,43.12,0.5,0.7,0.4,2.52,4.07,2.25,0.1,0.2,0.1,11.65,6.55,6.54,14.17,10.62,8.79,0,0,0
"156","2/5/2026 0:14","6m 44s","ResNet","Jan26_23-15-35_2026",2,"1/22/2026","10dpi","126-W2021009-278_R2_10dpi","W2021009-278",0.95,0.3,0.5,0.3,0.5,0.2,390,184,112,16.32653061,43,43.15,0.5,0.7,0.4,2.85,4.87,2.18,0.1,0.2,0.1,11.5,6.51,5.86,14.35,11.38,8.04,0,0,0
"157","2/5/2026 0:20","1m 18s","ResNet","Jan26_23-15-35_2026",2,"1/22/2026","10dpi","131-W2021009-252_R2_10dpi","W2021009-252",0.95,0.3,0.5,0.3,0.5,0.2,564,31,5,0.833333333,17,6,0.5,0.7,0.4,0.42,0.75,0.43,0.1,0.2,0.1,0.54,0.33,0.33,0.96,1.08,0.76,0,0,0
"158","2/5/2026 0:22","0m 37s","ResNet","Jan26_23-15-35_2026",2,"1/22/2026","10dpi","132-W2021009-252_R1_10dpi","W2021009-252",0.95,0.3,0.5,0.3,0.5,0.2,651,4,1,0.152439024,2,0.76,0.5,0.7,0.4,0.05,0.08,0.05,0.1,0.2,0.1,0.12,0.06,0.07,0.16,0.14,0.11,0,0,0
"159","2/5/2026 0:22","6m 0s","ResNet","Jan26_23-15-35_2026",2,"1/22/2026","10dpi","135-W2021011-581_R1_10dpi","W2021011-581",0.95,0.3,0.5,0.3,0.5,0.2,361,172,79,12.90849673,75,41.01,0.5,0.7,0.4,2.35,4.04,2.26,0.1,0.2,0.1,8.99,5.16,5.32,11.34,9.2,7.58,0,0,0
"160","2/5/2026 0:28","14m 29s","ResNet","Jan26_23-15-35_2026",2,"1/22/2026","10dpi","137-W2021006-128_R2_10dpi","W2021006-128",0.95,0.3,0.5,0.3,0.5,0.2,58,151,472,69.30983847,14,91.48,0.5,0.7,0.4,2.68,4.5,1.87,0.1,0.2,0.1,55.2,32.87,26.21,57.88,37.37,28.09,0,0,0
"161","2/5/2026 0:43","11m 7s","ResNet","Jan26_23-15-35_2026",2,"1/22/2026","10dpi","146-W2021006-613_R1_10dpi","W2021006-613",0.95,0.3,0.5,0.3,0.5,0.2,165,284,174,27.929374,83,73.52,0.5,0.7,0.4,4.39,7.17,3.26,0.1,0.2,0.1,18.02,10.75,9.31,22.4,17.92,12.57,0,0,0
"162","2/5/2026 0:54","12m 17s","ResNet","Jan26_23-15-35_2026",2,"1/22/2026","10dpi","149-W2021011-462_R1_10dpi","W2021011-462",0.95,0.3,0.5,0.3,0.5,0.2,109,392,124,19.84,31,82.56,0.5,0.7,0.4,6.14,10.25,6,0.1,0.2,0.1,15.3,6.87,9.59,21.44,17.12,15.6,0,0,0
"163","2/5/2026 1:06","12m 35s","ResNet","Jan26_23-15-35_2026",2,"1/22/2026","10dpi","151-W2021011-479_R2_10dpi","W2021011-479",0.95,0.3,0.5,0.3,0.5,0.2,17,44,562,90.20866774,10,97.27,0.5,0.7,0.4,0.64,1.16,0.65,0.1,0.2,0.1,73.88,56.54,38.06,74.51,57.7,38.71,0,0,0
"164","2/5/2026 1:19","0m 33s","ResNet","Jan26_23-15-35_2026",2,"1/22/2026","10dpi","152-W2021010-301_R2_10dpi","W2021010-301",0.95,0.3,0.5,0.3,0.5,0.2,726,5,0,0,15,0.68,0.5,0.7,0.4,0.05,0.12,0.05,0.1,0.2,0.1,0,0,0,0.05,0.12,0.05,0,0,0
"165","2/5/2026 1:19","5m 51s","ResNet","Jan26_23-15-35_2026",2,"1/22/2026","10dpi","152-W2021011-479_R1_10dpi","W2021011-479",0.95,0.3,0.5,0.3,0.5,0.2,376,149,114,17.84037559,25,41.16,0.5,0.7,0.4,2.17,4.02,2.02,0.1,0.2,0.1,14.07,7.69,7.23,16.24,11.71,9.25,0,0,0
"166","2/5/2026 1:25","0m 29s","ResNet","Jan26_23-15-35_2026",2,"1/22/2026","10dpi","154-W2021010-419_R2_10dpi","W2021010-419",0.95,0.3,0.5,0.3,0.5,0.2,624,3,0,0,14,0.48,0.5,0.7,0.4,0.04,0.06,0.04,0.1,0.2,0.1,0,0,0,0.04,0.06,0.04,0,0,0
"167","2/5/2026 1:26","12m 19s","ResNet","Jan26_23-15-35_2026",2,"1/22/2026","10dpi","162-W2021011-551_R2_10dpi","W2021011-551",0.95,0.3,0.5,0.3,0.5,0.2,119,157,407,59.59004392,32,82.58,0.5,0.7,0.4,2.16,4.02,1.89,0.1,0.2,0.1,46.07,28.47,24.83,48.23,32.49,26.72,0,0,0
"168","2/5/2026 1:38","0m 30s","ResNet","Jan26_23-15-35_2026",2,"1/22/2026","10dpi","166-W2021006-123_R1_10dpi","W2021006-123",0.95,0.3,0.5,0.3,0.5,0.2,611,0,4,0.650406504,6,0.65,0.5,0.7,0.4,0,0,0,0.1,0.2,0.1,0.63,0.56,0.38,0.63,0.56,0.38,0,0,0
"169","2/5/2026 1:39","8m 3s","ResNet","Jan26_23-15-35_2026",2,"1/22/2026","10dpi","166-W2021006-146_R1_10dpi","W2021006-146",0.95,0.3,0.5,0.3,0.5,0.2,314,108,244,36.63663664,34,52.85,0.5,0.7,0.4,1.53,2.5,1.45,0.1,0.2,0.1,28.14,16.6,16.07,29.67,19.1,17.52,0,0,0
"170","2/5/2026 1:47","2m 21s","ResNet","Jan26_23-15-35_2026",2,"1/22/2026","10dpi","166-W2021006-146_R2_10dpi","W2021006-146",0.95,0.3,0.5,0.3,0.5,0.2,591,72,14,2.067946824,34,12.7,0.5,0.7,0.4,0.89,1.69,0.85,0.1,0.2,0.1,1.43,0.74,0.82,2.32,2.44,1.68,0,0,0
"171","2/5/2026 1:49","10m 15s","ResNet","Jan26_23-15-35_2026",2,"1/22/2026","10dpi","171-W2021011-584_R1_10dpi","W2021011-584",0.95,0.3,0.5,0.3,0.5,0.2,230,303,138,20.56631893,63,65.72,0.5,0.7,0.4,4.13,6.97,3.2,0.1,0.2,0.1,14.03,7.91,6.46,18.16,14.88,9.66,0,0,0
"172","2/5/2026 1:59","16m 41s","ResNet","Jan26_23-15-35_2026",2,"1/22/2026","10dpi","171-W2021011-584_R2_10dpi","W2021011-584",0.95,0.3,0.5,0.3,0.5,0.2,7,304,403,56.44257703,4,99.02,0.5,0.7,0.4,5.13,9.23,4.19,0.1,0.2,0.1,41.69,22.88,22.86,46.83,32.11,27.05,0,0,0
"173","2/5/2026 2:16","0m 55s","ResNet","Jan26_23-15-35_2026",2,"1/22/2026","10dpi","172-W2021009-156_R2_10dpi","W2021009-156",0.95,0.3,0.5,0.3,0.5,0.2,533,21,1,0.18018018,17,3.96,0.5,0.7,0.4,0.25,0.54,0.27,0.1,0.2,0.1,0.07,0.06,0.09,0.32,0.6,0.37,0,0,0
"174","2/5/2026 2:17","0m 41s","ResNet","Jan26_23-15-35_2026",2,"1/22/2026","10dpi","176-W2021009-256_R2_10dpi","W2021009-256",0.95,0.3,0.5,0.3,0.5,0.2,527,11,0,0,21,2.04,0.5,0.7,0.4,0.18,0.28,0.15,0.1,0.2,0.1,0,0,0,0.18,0.28,0.15,0,0,0
"175","2/5/2026 2:18","12m 35s","ResNet","Jan26_23-15-35_2026",2,"1/22/2026","10dpi","177-W2021009-194_R2_10dpi","W2021009-194",0.95,0.3,0.5,0.3,0.5,0.2,94,179,333,54.95049505,32,84.49,0.5,0.7,0.4,2.97,5.09,2.66,0.1,0.2,0.1,43.7,24.84,23.97,46.67,29.94,26.63,0,0,0
"176","2/5/2026 2:30","1m 5s","ResNet","Jan26_23-15-35_2026",2,"1/22/2026","10dpi","177-W2021009-256_R1_10dpi","W2021009-256",0.95,0.3,0.5,0.3,0.5,0.2,627,22,5,0.764525994,23,4.13,0.5,0.7,0.4,0.26,0.49,0.26,0.1,0.2,0.1,0.61,0.27,0.28,0.87,0.76,0.54,0,0,0
"177","2/5/2026 2:31","1m 18s","ResNet","Jan26_23-15-35_2026",2,"1/22/2026","10dpi","181-W2021009-251_R2_10dpi","W2021009-251",0.95,0.3,0.5,0.3,0.5,0.2,519,36,1,0.179856115,26,6.65,0.5,0.7,0.4,0.53,0.89,0.5,0.1,0.2,0.1,0.13,0.04,0.11,0.66,0.93,0.61,0,0,0
"178","2/5/2026 2:33","4m 2s","ResNet","Jan26_23-15-35_2026",2,"1/22/2026","10dpi","181-W2021009-295_R2_10dpi","W2021009-295",0.95,0.3,0.5,0.3,0.5,0.2,505,133,16,2.44648318,55,22.78,0.5,0.7,0.4,1.57,2.98,1.6,0.1,0.2,0.1,1.63,0.86,1.12,3.2,3.84,2.73,0,0,0
"179","2/5/2026 2:37","1m 14s","ResNet","Jan26_23-15-35_2026",2,"1/22/2026","10dpi","182-W2021009-251_R1_10dpi","W2021009-251",0.95,0.3,0.5,0.3,0.5,0.2,650,25,8,1.171303075,40,4.83,0.5,0.7,0.4,0.33,0.49,0.23,0.1,0.2,0.1,0.84,0.45,0.4,1.16,0.94,0.63,0,0,0
"180","2/5/2026 2:38","4m 5s","ResNet","Jan26_23-15-35_2026",2,"1/22/2026","10dpi","184-W2021009-199_R1_10dpi","W2021009-199",0.95,0.3,0.5,0.3,0.5,0.2,413,127,24,4.255319149,44,26.77,0.5,0.7,0.4,1.76,3.65,1.52,0.1,0.2,0.1,3.18,1.5,1.44,4.94,5.15,2.96,0,0,0
"181","2/5/2026 2:42","17m 47s","ResNet","Jan26_23-15-35_2026",2,"1/22/2026","10dpi","189-W2021009-257_R2_10dpi","W2021009-257",0.95,0.3,0.5,0.3,0.5,0.2,0,23,675,96.70487106,0,100,0.5,0.7,0.4,0.4,0.7,0.29,0.1,0.2,0.1,78.36,50.2,35.45,78.76,50.9,35.74,0,0,0
"182","2/5/2026 3:00","5m 56s","ResNet","Jan26_23-15-35_2026",2,"1/22/2026","10dpi","190-W2021010-449_R1_10dpi","W2021010-449",0.95,0.3,0.5,0.3,0.5,0.2,483,141,73,10.47345768,47,30.7,0.5,0.7,0.4,1.99,3.42,1.8,0.1,0.2,0.1,7.22,4.2,4.31,9.2,7.62,6.11,0,0,0
"183","2/5/2026 3:06","11m 15s","ResNet","Jan26_23-15-35_2026",2,"1/22/2026","10dpi","192-W2021010-449_R2_10dpi","W2021010-449",0.95,0.3,0.5,0.3,0.5,0.2,218,138,280,44.02515723,28,65.72,0.5,0.7,0.4,2.01,3.99,1.93,0.1,0.2,0.1,29.29,22.56,18.69,31.3,26.55,20.62,0,0,0
"184","2/5/2026 3:17","0m 51s","ResNet","Jan26_23-15-35_2026",2,"1/22/2026","10dpi","193-W2021010-415_R1_10dpi","W2021010-415",0.95,0.3,0.5,0.3,0.5,0.2,645,12,4,0.605143722,33,2.42,0.5,0.7,0.4,0.16,0.26,0.17,0.1,0.2,0.1,0.28,0.27,0.27,0.44,0.53,0.44,0,0,0
"185","2/5/2026 3:18","0m 40s","ResNet","Jan26_23-15-35_2026",2,"1/22/2026","10dpi","194-W2021010-339_R2_10dpi","W2021010-339",0.95,0.3,0.5,0.3,0.5,0.2,627,9,0,0,17,1.42,0.5,0.7,0.4,0.12,0.2,0.11,0.1,0.2,0.1,0,0,0,0.12,0.2,0.11,0,0,0
"186","2/5/2026 3:18","14m 48s","ResNet","Jan26_23-15-35_2026",2,"1/22/2026","10dpi","206-W2021009-271_R2_10dpi","W2021009-271",0.95,0.3,0.5,0.3,0.5,0.2,134,264,276,40.9495549,29,80.12,0.5,0.7,0.4,3.49,6.62,3.04,0.1,0.2,0.1,31.85,19.24,17.76,35.33,25.87,20.81,0,0,0
"187","2/5/2026 3:33","5m 41s","ResNet","Jan26_23-15-35_2026",2,"1/22/2026","10dpi","207-W2021009-271_R1_10dpi","W2021009-271",0.95,0.3,0.5,0.3,0.5,0.2,334,101,92,17.4573055,34,36.62,0.5,0.7,0.4,1.61,3.13,1.66,0.1,0.2,0.1,13.27,8.05,7.83,14.88,11.18,9.49,0,0,0
"188","2/5/2026 3:39","1m 40s","ResNet","Jan26_23-15-35_2026",2,"1/22/2026","10dpi","207-W2021009-287_R1_10dpi","W2021009-287",0.95,0.3,0.5,0.3,0.5,0.2,605,46,0,0,22,7.07,0.5,0.7,0.4,0.6,0.99,0.66,0.1,0.2,0.1,0,0,0,0.6,0.99,0.66,0,0,0
"189","2/5/2026 3:41","9m 28s","ResNet","Jan26_23-15-35_2026",2,"1/22/2026","10dpi","209-W2021010-439_R2_10dpi","W2021010-439",0.95,0.3,0.5,0.3,0.5,0.2,280,264,67,10.96563011,87,54.17,0.5,0.7,0.4,3.83,6.48,3.65,0.1,0.2,0.1,6.91,3.79,4.02,10.74,10.27,7.68,0,0,0
"190","2/5/2026 3:50","5m 0s","ResNet","Jan26_23-15-35_2026",2,"1/22/2026","10dpi","214-W2021006-045_R2_10dpi","W2021006-045",0.95,0.3,0.5,0.3,0.5,0.2,474,131,34,5.320813772,44,25.82,0.5,0.7,0.4,1.56,3.09,1.7,0.1,0.2,0.1,3.72,2.21,2.31,5.28,5.31,4.01,0,0,0
"191","2/5/2026 3:55","13m 22s","ResNet","Jan26_23-15-35_2026",2,"1/22/2026","10dpi","215-W2021006-045_R1_10dpi","W2021006-045",0.95,0.3,0.5,0.3,0.5,0.2,158,298,164,26.4516129,29,74.52,0.5,0.7,0.4,4.83,8.51,4.49,0.1,0.2,0.1,19.31,8.58,10.91,24.14,17.08,15.4,0,0,0
"192","2/5/2026 4:09","11m 40s","ResNet","Jan26_23-15-35_2026",2,"1/22/2026","10dpi","225-W2021010-327_R2_10dpi","W2021010-327",0.95,0.3,0.5,0.3,0.5,0.2,249,97,298,46.27329193,64,61.34,0.5,0.7,0.4,1.41,2.38,1.28,0.1,0.2,0.1,36.48,23.75,20.04,37.89,26.13,21.31,0,0,0
"193","2/5/2026 4:20","1m 46s","ResNet","Jan26_23-15-35_2026",2,"1/22/2026","10dpi","226-W2021009-177_R1_10dpi","W2021009-177",0.95,0.3,0.5,0.3,0.5,0.2,625,46,0,0,21,6.86,0.5,0.7,0.4,0.51,1.04,0.55,0.1,0.2,0.1,0,0,0,0.51,1.04,0.55,0,0,0
"194","2/5/2026 4:22","2m 21s","ResNet","Jan26_23-15-35_2026",2,"1/22/2026","10dpi","233-W2021006-607_R1_10dpi","W2021006-607",0.95,0.3,0.5,0.3,0.5,0.2,519,63,4,0.682593857,56,11.43,0.5,0.7,0.4,0.93,1.45,0.79,0.1,0.2,0.1,0.51,0.3,0.26,1.44,1.74,1.05,0,0,0
"195","2/5/2026 4:24","16m 10s","ResNet","Jan26_23-15-35_2026",2,"1/22/2026","10dpi","238-W2021009-192_R1_10dpi","W2021009-192",0.95,0.3,0.5,0.3,0.5,0.2,142,468,71,10.42584435,50,79.15,0.5,0.7,0.4,5.7,11.72,6.06,0.1,0.2,0.1,7.44,3.48,4.48,13.14,15.2,10.54,0,0,0
"196","2/5/2026 4:40","21m 3s","ResNet","Jan26_23-15-35_2026",2,"1/22/2026","10dpi","242-W2021006-132_R2_10dpi","W2021006-132",0.95,0.3,0.5,0.3,0.5,0.2,6,58,631,90.79136691,4,99.14,0.5,0.7,0.4,0.98,1.64,0.87,0.1,0.2,0.1,74.36,48.08,41.9,75.34,49.72,42.77,0,0,0
"197","2/5/2026 5:02","14m 30s","ResNet","Jan26_23-15-35_2026",2,"1/22/2026","10dpi","262-W2021009-187_R2_10dpi","W2021009-187",0.95,0.3,0.5,0.3,0.5,0.2,157,292,169,27.34627832,36,74.6,0.5,0.7,0.4,3.83,7.92,4.18,0.1,0.2,0.1,21.02,12.61,12.43,24.86,20.53,16.61,0,0,0
"198","2/5/2026 5:16","5m 6s","ResNet","Jan26_23-15-35_2026",2,"1/22/2026","10dpi","264-W2021009-187_R1_10dpi","W2021009-187",0.95,0.3,0.5,0.3,0.5,0.2,466,130,19,3.089430894,49,24.23,0.5,0.7,0.4,1.55,3.34,1.54,0.1,0.2,0.1,2.35,1.07,1.29,3.91,4.4,2.83,0,0,0
"199","2/5/2026 5:21","5m 55s","ResNet","Jan26_23-15-35_2026",2,"1/22/2026","10dpi","285-W2021006-040_R2_10dpi","W2021006-040",0.95,0.3,0.5,0.3,0.5,0.2,408,149,26,4.459691252,68,30.02,0.5,0.7,0.4,2.04,3.43,1.88,0.1,0.2,0.1,2.94,1.67,1.81,4.98,5.1,3.69,0,0,0
"200","2/5/2026 5:27","9m 10s","ResNet","Jan26_23-15-35_2026",2,"1/22/2026","10dpi","293-W2021006-054_R1_10dpi","W2021006-054",0.95,0.3,0.5,0.3,0.5,0.2,337,256,20,3.262642741,64,45.02,0.5,0.7,0.4,3.58,6.65,3.21,0.1,0.2,0.1,2.09,0.93,1.19,5.67,7.58,4.4,0,0,0
"201","2/5/2026 5:36","0m 27s","ResNet","Jan26_23-15-35_2026",2,"1/22/2026","10dpi","311-W2021010-326_R2_10dpi","W2021010-326",0.95,0.3,0.5,0.3,0.5,0.2,607,1,0,0,12,0.16,0.5,0.7,0.4,0.01,0.02,0.01,0.1,0.2,0.1,0,0,0,0.01,0.02,0.01,0,0,0
