filename,run_time,model_type,model_timestamp,epoch,rel_th,prob_th,min_area,step,batch_size,leaf_patch_min,pred_white_pixels,leaf_pixels,total_pixels,pct_infected_of_leaf,pct_infected_of_image,mask_path
001-W2021006-099_R2_10dpi,2026-02-05T07:53:00,DeepLab,Feb04_00-32-07_2026,60,0.2,0.7,200,112,8,0.05,371868,34055827,45413508,1.0919,0.8188,..\..\results\human_disk_assessments\segmentation\DeepLab-Feb04_00-32-07_2026\001-W2021006-099_R2_leaf_pred.png
003-W2021006-150_R1_10dpi,2026-02-05T07:53:00,DeepLab,Feb04_00-32-07_2026,60,0.2,0.7,200,112,8,0.05,217353,32742372,45413508,0.6638,0.4786,..\..\results\human_disk_assessments\segmentation\DeepLab-Feb04_00-32-07_2026\003-W2021006-150_R1_leaf_pred.png
004-NUGGET_R2_10dpi,2026-02-05T07:53:00,DeepLab,Feb04_00-32-07_2026,60,0.2,0.7,200,112,8,0.05,3457014,36477872,45413508,9.477,7.6123,..\..\results\human_disk_assessments\segmentation\DeepLab-Feb04_00-32-07_2026\004-NUGGET_R2_leaf_pred.png
012-W2021011-458_R2_10dpi,2026-02-05T07:53:00,DeepLab,Feb04_00-32-07_2026,60,0.2,0.7,200,112,8,0.05,304351,35104688,45413508,0.867,0.6702,..\..\results\human_disk_assessments\segmentation\DeepLab-Feb04_00-32-07_2026\012-W2021011-458_R2_leaf_pred.png
013-W2021009-172_R1_10dpi,2026-02-05T07:53:00,DeepLab,Feb04_00-32-07_2026,60,0.2,0.7,200,112,8,0.05,160361,35002052,45413508,0.4581,0.3531,..\..\results\human_disk_assessments\segmentation\DeepLab-Feb04_00-32-07_2026\013-W2021009-172_R1_leaf_pred.png
013-W2021011-633_R2_10dpi,2026-02-05T07:53:00,DeepLab,Feb04_00-32-07_2026,60,0.2,0.7,200,112,8,0.05,2795837,37826325,45413508,7.3912,6.1564,..\..\results\human_disk_assessments\segmentation\DeepLab-Feb04_00-32-07_2026\013-W2021011-633_R2_leaf_pred.png
015-W2021010-355_R2_10dpi,2026-02-05T07:53:00,DeepLab,Feb04_00-32-07_2026,60,0.2,0.7,200,112,8,0.05,200398,32164700,45413508,0.623,0.4413,..\..\results\human_disk_assessments\segmentation\DeepLab-Feb04_00-32-07_2026\015-W2021010-355_R2_leaf_pred.png
017-W2021010-405_R2_10dpi,2026-02-05T07:53:00,DeepLab,Feb04_00-32-07_2026,60,0.2,0.7,200,112,8,0.05,813117,36630839,45413508,2.2198,1.7905,..\..\results\human_disk_assessments\segmentation\DeepLab-Feb04_00-32-07_2026\017-W2021010-405_R2_leaf_pred.png
018-W2021010-405_R1_10dpi,2026-02-05T07:53:00,DeepLab,Feb04_00-32-07_2026,60,0.2,0.7,200,112,8,0.05,3747140,38540158,45413508,9.7227,8.2512,..\..\results\human_disk_assessments\segmentation\DeepLab-Feb04_00-32-07_2026\018-W2021010-405_R1_leaf_pred.png
018-W2021010-405_R2_10dpi,2026-02-05T07:53:00,DeepLab,Feb04_00-32-07_2026,60,0.2,0.7,200,112,8,0.05,707242,35159591,45413508,2.0115,1.5573,..\..\results\human_disk_assessments\segmentation\DeepLab-Feb04_00-32-07_2026\018-W2021010-405_R2_leaf_pred.png
025-W2021009-622_R1_10dpi,2026-02-05T07:53:00,DeepLab,Feb04_00-32-07_2026,60,0.2,0.7,200,112,8,0.05,7882442,36552574,45413508,21.5647,17.357,..\..\results\human_disk_assessments\segmentation\DeepLab-Feb04_00-32-07_2026\025-W2021009-622_R1_leaf_pred.png
026-W2021010-346_R2_10dpi,2026-02-05T07:53:00,DeepLab,Feb04_00-32-07_2026,60,0.2,0.7,200,112,8,0.05,435902,38346817,45413508,1.1367,0.9599,..\..\results\human_disk_assessments\segmentation\DeepLab-Feb04_00-32-07_2026\026-W2021010-346_R2_leaf_pred.png
027-W2021009-622_R2_10dpi,2026-02-05T07:53:00,DeepLab,Feb04_00-32-07_2026,60,0.2,0.7,200,112,8,0.05,3764250,37025270,45413508,10.1667,8.2888,..\..\results\human_disk_assessments\segmentation\DeepLab-Feb04_00-32-07_2026\027-W2021009-622_R2_leaf_pred.png
028-W2021010-354_R2_10dpi,2026-02-05T07:53:00,DeepLab,Feb04_00-32-07_2026,60,0.2,0.7,200,112,8,0.05,1685634,35902516,45413508,4.695,3.7117,..\..\results\human_disk_assessments\segmentation\DeepLab-Feb04_00-32-07_2026\028-W2021010-354_R2_leaf_pred.png
029-W2021010-354_R1_10dpi,2026-02-05T07:53:00,DeepLab,Feb04_00-32-07_2026,60,0.2,0.7,200,112,8,0.05,2554845,36001157,45413508,7.0966,5.6257,..\..\results\human_disk_assessments\segmentation\DeepLab-Feb04_00-32-07_2026\029-W2021010-354_R1_leaf_pred.png
037-W2021009-198_R2_10dpi,2026-02-05T07:53:00,DeepLab,Feb04_00-32-07_2026,60,0.2,0.7,200,112,8,0.05,391671,34312394,45413508,1.1415,0.8625,..\..\results\human_disk_assessments\segmentation\DeepLab-Feb04_00-32-07_2026\037-W2021009-198_R2_leaf_pred.png
037-W2021009-277_R1_10dpi,2026-02-05T07:53:00,DeepLab,Feb04_00-32-07_2026,60,0.2,0.7,200,112,8,0.05,8311391,33626926,45413508,24.7165,18.3016,..\..\results\human_disk_assessments\segmentation\DeepLab-Feb04_00-32-07_2026\037-W2021009-277_R1_leaf_pred.png
042-W2021006-015_R1_10dpi,2026-02-05T07:53:00,DeepLab,Feb04_00-32-07_2026,60,0.2,0.7,200,112,8,0.05,738855,35226819,45413508,2.0974,1.6269,..\..\results\human_disk_assessments\segmentation\DeepLab-Feb04_00-32-07_2026\042-W2021006-015_R1_leaf_pred.png
046-W2021009-208_R2_10dpi,2026-02-05T07:53:00,DeepLab,Feb04_00-32-07_2026,60,0.2,0.7,200,112,8,0.05,465593,35316394,45413508,1.3183,1.0252,..\..\results\human_disk_assessments\segmentation\DeepLab-Feb04_00-32-07_2026\046-W2021009-208_R2_leaf_pred.png
049-W2021011-583_R1_10dpi,2026-02-05T07:53:00,DeepLab,Feb04_00-32-07_2026,60,0.2,0.7,200,112,8,0.05,1587595,37141327,45413508,4.2745,3.4959,..\..\results\human_disk_assessments\segmentation\DeepLab-Feb04_00-32-07_2026\049-W2021011-583_R1_leaf_pred.png
051-W2021010-443_R1_10dpi,2026-02-05T07:53:00,DeepLab,Feb04_00-32-07_2026,60,0.2,0.7,200,112,8,0.05,816454,37680792,45413508,2.1668,1.7978,..\..\results\human_disk_assessments\segmentation\DeepLab-Feb04_00-32-07_2026\051-W2021010-443_R1_leaf_pred.png
051-W2021011-583_R1_10dpi,2026-02-05T07:53:00,DeepLab,Feb04_00-32-07_2026,60,0.2,0.7,200,112,8,0.05,8577765,39090827,45413508,21.9432,18.8881,..\..\results\human_disk_assessments\segmentation\DeepLab-Feb04_00-32-07_2026\051-W2021011-583_R1_leaf_pred.png
051-W2021011-583_R2_10dpi,2026-02-05T07:53:00,DeepLab,Feb04_00-32-07_2026,60,0.2,0.7,200,112,8,0.05,2433861,39585272,45413508,6.1484,5.3593,..\..\results\human_disk_assessments\segmentation\DeepLab-Feb04_00-32-07_2026\051-W2021011-583_R2_leaf_pred.png
057-W2021011-504_R2_10dpi,2026-02-05T07:53:00,DeepLab,Feb04_00-32-07_2026,60,0.2,0.7,200,112,8,0.05,993208,35039427,45413508,2.8345,2.187,..\..\results\human_disk_assessments\segmentation\DeepLab-Feb04_00-32-07_2026\057-W2021011-504_R2_leaf_pred.png
061-W2021011-483_R1_10dpi,2026-02-05T07:53:00,DeepLab,Feb04_00-32-07_2026,60,0.2,0.7,200,112,8,0.05,3034901,36427705,45413508,8.3313,6.6828,..\..\results\human_disk_assessments\segmentation\DeepLab-Feb04_00-32-07_2026\061-W2021011-483_R1_leaf_pred.png
062-W2021010-432_R2_10dpi,2026-02-05T07:53:00,DeepLab,Feb04_00-32-07_2026,60,0.2,0.7,200,112,8,0.05,4578757,37555821,45413508,12.1919,10.0824,..\..\results\human_disk_assessments\segmentation\DeepLab-Feb04_00-32-07_2026\062-W2021010-432_R2_leaf_pred.png
062-W2021011-483_R2_10dpi,2026-02-05T07:53:00,DeepLab,Feb04_00-32-07_2026,60,0.2,0.7,200,112,8,0.05,5007743,36536742,45413508,13.706,11.027,..\..\results\human_disk_assessments\segmentation\DeepLab-Feb04_00-32-07_2026\062-W2021011-483_R2_leaf_pred.png
063-W2021011-594_R1_10dpi,2026-02-05T07:53:00,DeepLab,Feb04_00-32-07_2026,60,0.2,0.7,200,112,8,0.05,2281322,28826936,45413508,7.9139,5.0234,..\..\results\human_disk_assessments\segmentation\DeepLab-Feb04_00-32-07_2026\063-W2021011-594_R1_leaf_pred.png
068-W2021011-574_R2_10dpi,2026-02-05T07:53:00,DeepLab,Feb04_00-32-07_2026,60,0.2,0.7,200,112,8,0.05,2510864,36012251,45413508,6.9722,5.5289,..\..\results\human_disk_assessments\segmentation\DeepLab-Feb04_00-32-07_2026\068-W2021011-574_R2_leaf_pred.png
069-W2021011-574_R1_10dpi,2026-02-05T07:53:00,DeepLab,Feb04_00-32-07_2026,60,0.2,0.7,200,112,8,0.05,1006017,36100558,45413508,2.7867,2.2152,..\..\results\human_disk_assessments\segmentation\DeepLab-Feb04_00-32-07_2026\069-W2021011-574_R1_leaf_pred.png
071-W2021006-142_R1_10dpi,2026-02-05T07:53:00,DeepLab,Feb04_00-32-07_2026,60,0.2,0.7,200,112,8,0.05,4287622,38257413,45413508,11.2073,9.4413,..\..\results\human_disk_assessments\segmentation\DeepLab-Feb04_00-32-07_2026\071-W2021006-142_R1_leaf_pred.png
080-W2021011-586_R2_10dpi,2026-02-05T07:53:00,DeepLab,Feb04_00-32-07_2026,60,0.2,0.7,200,112,8,0.05,10723191,40071240,45413508,26.7603,23.6123,..\..\results\human_disk_assessments\segmentation\DeepLab-Feb04_00-32-07_2026\080-W2021011-586_R2_leaf_pred.png
088-W2021009-288_R2_10dpi,2026-02-05T07:53:00,DeepLab,Feb04_00-32-07_2026,60,0.2,0.7,200,112,8,0.05,13309745,38787492,45413508,34.3145,29.3079,..\..\results\human_disk_assessments\segmentation\DeepLab-Feb04_00-32-07_2026\088-W2021009-288_R2_leaf_pred.png
091-W2021010-394_R2_10dpi,2026-02-05T07:53:00,DeepLab,Feb04_00-32-07_2026,60,0.2,0.7,200,112,8,0.05,683877,38818746,45413508,1.7617,1.5059,..\..\results\human_disk_assessments\segmentation\DeepLab-Feb04_00-32-07_2026\091-W2021010-394_R2_leaf_pred.png
092-W2021010-394_R1_10dpi,2026-02-05T07:53:00,DeepLab,Feb04_00-32-07_2026,60,0.2,0.7,200,112,8,0.05,1512506,34304635,45413508,4.409,3.3305,..\..\results\human_disk_assessments\segmentation\DeepLab-Feb04_00-32-07_2026\092-W2021010-394_R1_leaf_pred.png
095-W2021009-283_R1_10dpi,2026-02-05T07:53:00,DeepLab,Feb04_00-32-07_2026,60,0.2,0.7,200,112,8,0.05,666712,32035474,45413508,2.0812,1.4681,..\..\results\human_disk_assessments\segmentation\DeepLab-Feb04_00-32-07_2026\095-W2021009-283_R1_leaf_pred.png
097-W2021006-126_R2_10dpi,2026-02-05T07:53:00,DeepLab,Feb04_00-32-07_2026,60,0.2,0.7,200,112,8,0.05,8840529,36456452,45413508,24.2496,19.4667,..\..\results\human_disk_assessments\segmentation\DeepLab-Feb04_00-32-07_2026\097-W2021006-126_R2_leaf_pred.png
097-W2021006-611_R1_10dpi,2026-02-05T07:53:00,DeepLab,Feb04_00-32-07_2026,60,0.2,0.7,200,112,8,0.05,7056358,29309441,45413508,24.0754,15.538,..\..\results\human_disk_assessments\segmentation\DeepLab-Feb04_00-32-07_2026\097-W2021006-611_R1_leaf_pred.png
098-W2021006-126_R1_10dpi,2026-02-05T07:53:00,DeepLab,Feb04_00-32-07_2026,60,0.2,0.7,200,112,8,0.05,6555786,36764671,45413508,17.8318,14.4358,..\..\results\human_disk_assessments\segmentation\DeepLab-Feb04_00-32-07_2026\098-W2021006-126_R1_leaf_pred.png
099-W2021006-611_R2_10dpi,2026-02-05T07:53:00,DeepLab,Feb04_00-32-07_2026,60,0.2,0.7,200,112,8,0.05,2246034,38380774,45413508,5.852,4.9457,..\..\results\human_disk_assessments\segmentation\DeepLab-Feb04_00-32-07_2026\099-W2021006-611_R2_leaf_pred.png
102-W2021011-565_R2_10dpi,2026-02-05T07:53:00,DeepLab,Feb04_00-32-07_2026,60,0.2,0.7,200,112,8,0.05,5511070,34182771,45413508,16.1224,12.1353,..\..\results\human_disk_assessments\segmentation\DeepLab-Feb04_00-32-07_2026\102-W2021011-565_R2_leaf_pred.png
103-W2021011-591_R2_10dpi,2026-02-05T07:53:00,DeepLab,Feb04_00-32-07_2026,60,0.2,0.7,200,112,8,0.05,2527074,35102246,45413508,7.1992,5.5646,..\..\results\human_disk_assessments\segmentation\DeepLab-Feb04_00-32-07_2026\103-W2021011-591_R2_leaf_pred.png
105-W2021010-625_R1_10dpi,2026-02-05T07:53:00,DeepLab,Feb04_00-32-07_2026,60,0.2,0.7,200,112,8,0.05,2725211,36252637,45413508,7.5173,6.0009,..\..\results\human_disk_assessments\segmentation\DeepLab-Feb04_00-32-07_2026\105-W2021010-625_R1_leaf_pred.png
106-21326M_R1_10dpi,2026-02-05T07:53:00,DeepLab,Feb04_00-32-07_2026,60,0.2,0.7,200,112,8,0.05,1773198,35443773,45413508,5.0028,3.9046,..\..\results\human_disk_assessments\segmentation\DeepLab-Feb04_00-32-07_2026\106-21326M_R1_leaf_pred.png
108-W2021011-550_R2_10dpi,2026-02-05T07:53:00,DeepLab,Feb04_00-32-07_2026,60,0.2,0.7,200,112,8,0.05,1732471,36418339,45413508,4.7571,3.8149,..\..\results\human_disk_assessments\segmentation\DeepLab-Feb04_00-32-07_2026\108-W2021011-550_R2_leaf_pred.png
109-W2021006-102_R2_10dpi,2026-02-05T07:53:00,DeepLab,Feb04_00-32-07_2026,60,0.2,0.7,200,112,8,0.05,14747470,38045841,45413508,38.7624,32.4738,..\..\results\human_disk_assessments\segmentation\DeepLab-Feb04_00-32-07_2026\109-W2021006-102_R2_leaf_pred.png
112-W2021006-046_R1_10dpi,2026-02-05T07:53:00,DeepLab,Feb04_00-32-07_2026,60,0.2,0.7,200,112,8,0.05,2013196,35804919,45413508,5.6227,4.433,..\..\results\human_disk_assessments\segmentation\DeepLab-Feb04_00-32-07_2026\112-W2021006-046_R1_leaf_pred.png
112-W2021011-554_R1_10dpi,2026-02-05T07:53:00,DeepLab,Feb04_00-32-07_2026,60,0.2,0.7,200,112,8,0.05,841026,35418003,45413508,2.3746,1.8519,..\..\results\human_disk_assessments\segmentation\DeepLab-Feb04_00-32-07_2026\112-W2021011-554_R1_leaf_pred.png
115-W2021011-638_R1_10dpi,2026-02-05T07:53:00,DeepLab,Feb04_00-32-07_2026,60,0.2,0.7,200,112,8,0.05,1682241,37623229,45413508,4.4713,3.7043,..\..\results\human_disk_assessments\segmentation\DeepLab-Feb04_00-32-07_2026\115-W2021011-638_R1_leaf_pred.png
116-W2021011-504_R2_10dpi,2026-02-05T07:53:00,DeepLab,Feb04_00-32-07_2026,60,0.2,0.7,200,112,8,0.05,3381074,38887453,45413508,8.6945,7.4451,..\..\results\human_disk_assessments\segmentation\DeepLab-Feb04_00-32-07_2026\116-W2021011-504_R2_leaf_pred.png
117-W2021011-504_R1_10dpi,2026-02-05T07:53:00,DeepLab,Feb04_00-32-07_2026,60,0.2,0.7,200,112,8,0.05,1151677,37843041,45413508,3.0433,2.536,..\..\results\human_disk_assessments\segmentation\DeepLab-Feb04_00-32-07_2026\117-W2021011-504_R1_leaf_pred.png
119-W2021009-171_R2_10dpi,2026-02-05T07:53:00,DeepLab,Feb04_00-32-07_2026,60,0.2,0.7,200,112,8,0.05,3336613,37631707,45413508,8.8665,7.3472,..\..\results\human_disk_assessments\segmentation\DeepLab-Feb04_00-32-07_2026\119-W2021009-171_R2_leaf_pred.png
119-W2021009-299_R2_10dpi,2026-02-05T07:53:00,DeepLab,Feb04_00-32-07_2026,60,0.2,0.7,200,112,8,0.05,2817821,35573218,45413508,7.9212,6.2048,..\..\results\human_disk_assessments\segmentation\DeepLab-Feb04_00-32-07_2026\119-W2021009-299_R2_leaf_pred.png
122-W2021009-267_R2_10dpi,2026-02-05T07:53:00,DeepLab,Feb04_00-32-07_2026,60,0.2,0.7,200,112,8,0.05,1043377,37238441,45413508,2.8019,2.2975,..\..\results\human_disk_assessments\segmentation\DeepLab-Feb04_00-32-07_2026\122-W2021009-267_R2_leaf_pred.png
124-W2021009-278_R1_10dpi,2026-02-05T07:53:00,DeepLab,Feb04_00-32-07_2026,60,0.2,0.7,200,112,8,0.05,1759299,33492558,45413508,5.2528,3.874,..\..\results\human_disk_assessments\segmentation\DeepLab-Feb04_00-32-07_2026\124-W2021009-278_R1_leaf_pred.png
126-W2021009-278_R2_10dpi,2026-02-05T07:53:00,DeepLab,Feb04_00-32-07_2026,60,0.2,0.7,200,112,8,0.05,3473355,38284064,45413508,9.0726,7.6483,..\..\results\human_disk_assessments\segmentation\DeepLab-Feb04_00-32-07_2026\126-W2021009-278_R2_leaf_pred.png
131-W2021009-252_R2_10dpi,2026-02-05T07:53:00,DeepLab,Feb04_00-32-07_2026,60,0.2,0.7,200,112,8,0.05,574765,32537631,45413508,1.7665,1.2656,..\..\results\human_disk_assessments\segmentation\DeepLab-Feb04_00-32-07_2026\131-W2021009-252_R2_leaf_pred.png
132-W2021009-252_R1_10dpi,2026-02-05T07:53:00,DeepLab,Feb04_00-32-07_2026,60,0.2,0.7,200,112,8,0.05,320635,34317854,45413508,0.9343,0.706,..\..\results\human_disk_assessments\segmentation\DeepLab-Feb04_00-32-07_2026\132-W2021009-252_R1_leaf_pred.png
135-W2021011-581_R1_10dpi,2026-02-05T07:53:00,DeepLab,Feb04_00-32-07_2026,60,0.2,0.7,200,112,8,0.05,1256956,35935537,45413508,3.4978,2.7678,..\..\results\human_disk_assessments\segmentation\DeepLab-Feb04_00-32-07_2026\135-W2021011-581_R1_leaf_pred.png
137-W2021006-128_R2_10dpi,2026-02-05T07:53:00,DeepLab,Feb04_00-32-07_2026,60,0.2,0.7,200,112,8,0.05,7300254,36591711,45413508,19.9506,16.0751,..\..\results\human_disk_assessments\segmentation\DeepLab-Feb04_00-32-07_2026\137-W2021006-128_R2_leaf_pred.png
146-W2021006-613_R1_10dpi,2026-02-05T07:53:00,DeepLab,Feb04_00-32-07_2026,60,0.2,0.7,200,112,8,0.05,2754998,36929146,45413508,7.4602,6.0665,..\..\results\human_disk_assessments\segmentation\DeepLab-Feb04_00-32-07_2026\146-W2021006-613_R1_leaf_pred.png
149-W2021011-462_R1_10dpi,2026-02-05T07:53:00,DeepLab,Feb04_00-32-07_2026,60,0.2,0.7,200,112,8,0.05,3237660,34113191,45413508,9.4909,7.1293,..\..\results\human_disk_assessments\segmentation\DeepLab-Feb04_00-32-07_2026\149-W2021011-462_R1_leaf_pred.png
151-W2021011-479_R2_10dpi,2026-02-05T07:53:00,DeepLab,Feb04_00-32-07_2026,60,0.2,0.7,200,112,8,0.05,13049111,33087973,45413508,39.4376,28.734,..\..\results\human_disk_assessments\segmentation\DeepLab-Feb04_00-32-07_2026\151-W2021011-479_R2_leaf_pred.png
152-W2021010-301_R2_10dpi,2026-02-05T07:53:00,DeepLab,Feb04_00-32-07_2026,60,0.2,0.7,200,112,8,0.05,483547,39034832,45413508,1.2388,1.0648,..\..\results\human_disk_assessments\segmentation\DeepLab-Feb04_00-32-07_2026\152-W2021010-301_R2_leaf_pred.png
152-W2021011-479_R1_10dpi,2026-02-05T07:53:00,DeepLab,Feb04_00-32-07_2026,60,0.2,0.7,200,112,8,0.05,3242139,34340197,45413508,9.4412,7.1392,..\..\results\human_disk_assessments\segmentation\DeepLab-Feb04_00-32-07_2026\152-W2021011-479_R1_leaf_pred.png
154-W2021010-419_R2_10dpi,2026-02-05T07:53:00,DeepLab,Feb04_00-32-07_2026,60,0.2,0.7,200,112,8,0.05,985175,33637203,45413508,2.9288,2.1693,..\..\results\human_disk_assessments\segmentation\DeepLab-Feb04_00-32-07_2026\154-W2021010-419_R2_leaf_pred.png
162-W2021011-551_R2_10dpi,2026-02-05T07:53:00,DeepLab,Feb04_00-32-07_2026,60,0.2,0.7,200,112,8,0.05,7225739,37217663,45413508,19.4148,15.911,..\..\results\human_disk_assessments\segmentation\DeepLab-Feb04_00-32-07_2026\162-W2021011-551_R2_leaf_pred.png
166-W2021006-123_R1_10dpi,2026-02-05T07:53:00,DeepLab,Feb04_00-32-07_2026,60,0.2,0.7,200,112,8,0.05,457183,32712134,45413508,1.3976,1.0067,..\..\results\human_disk_assessments\segmentation\DeepLab-Feb04_00-32-07_2026\166-W2021006-123_R1_leaf_pred.png
166-W2021006-146_R1_10dpi,2026-02-05T07:53:00,DeepLab,Feb04_00-32-07_2026,60,0.2,0.7,200,112,8,0.05,3561446,36568448,45413508,9.7391,7.8423,..\..\results\human_disk_assessments\segmentation\DeepLab-Feb04_00-32-07_2026\166-W2021006-146_R1_leaf_pred.png
166-W2021006-146_R2_10dpi,2026-02-05T07:53:00,DeepLab,Feb04_00-32-07_2026,60,0.2,0.7,200,112,8,0.05,1113186,37198428,45413508,2.9926,2.4512,..\..\results\human_disk_assessments\segmentation\DeepLab-Feb04_00-32-07_2026\166-W2021006-146_R2_leaf_pred.png
171-W2021011-584_R1_10dpi,2026-02-05T07:53:00,DeepLab,Feb04_00-32-07_2026,60,0.2,0.7,200,112,8,0.05,2637194,38582106,45413508,6.8353,5.8071,..\..\results\human_disk_assessments\segmentation\DeepLab-Feb04_00-32-07_2026\171-W2021011-584_R1_leaf_pred.png
171-W2021011-584_R2_10dpi,2026-02-05T07:53:00,DeepLab,Feb04_00-32-07_2026,60,0.2,0.7,200,112,8,0.05,8270027,37844872,45413508,21.8524,18.2105,..\..\results\human_disk_assessments\segmentation\DeepLab-Feb04_00-32-07_2026\171-W2021011-584_R2_leaf_pred.png
172-W2021009-156_R2_10dpi,2026-02-05T07:53:00,DeepLab,Feb04_00-32-07_2026,60,0.2,0.7,200,112,8,0.05,427872,30137120,45413508,1.4198,0.9422,..\..\results\human_disk_assessments\segmentation\DeepLab-Feb04_00-32-07_2026\172-W2021009-156_R2_leaf_pred.png
176-W2021009-256_R2_10dpi,2026-02-05T07:53:00,DeepLab,Feb04_00-32-07_2026,60,0.2,0.7,200,112,8,0.05,402306,29717344,45413508,1.3538,0.8859,..\..\results\human_disk_assessments\segmentation\DeepLab-Feb04_00-32-07_2026\176-W2021009-256_R2_leaf_pred.png
177-W2021009-194_R2_10dpi,2026-02-05T07:53:00,DeepLab,Feb04_00-32-07_2026,60,0.2,0.7,200,112,8,0.05,6557770,33689045,45413508,19.4656,14.4401,..\..\results\human_disk_assessments\segmentation\DeepLab-Feb04_00-32-07_2026\177-W2021009-194_R2_leaf_pred.png
177-W2021009-256_R1_10dpi,2026-02-05T07:53:00,DeepLab,Feb04_00-32-07_2026,60,0.2,0.7,200,112,8,0.05,511300,35499332,45413508,1.4403,1.1259,..\..\results\human_disk_assessments\segmentation\DeepLab-Feb04_00-32-07_2026\177-W2021009-256_R1_leaf_pred.png
181-W2021009-251_R2_10dpi,2026-02-05T07:53:00,DeepLab,Feb04_00-32-07_2026,60,0.2,0.7,200,112,8,0.05,689193,30547723,45413508,2.2561,1.5176,..\..\results\human_disk_assessments\segmentation\DeepLab-Feb04_00-32-07_2026\181-W2021009-251_R2_leaf_pred.png
181-W2021009-295_R2_10dpi,2026-02-05T07:53:00,DeepLab,Feb04_00-32-07_2026,60,0.2,0.7,200,112,8,0.05,1336021,37137746,45413508,3.5975,2.9419,..\..\results\human_disk_assessments\segmentation\DeepLab-Feb04_00-32-07_2026\181-W2021009-295_R2_leaf_pred.png
182-W2021009-251_R1_10dpi,2026-02-05T07:53:00,DeepLab,Feb04_00-32-07_2026,60,0.2,0.7,200,112,8,0.05,1008780,37764796,45413508,2.6712,2.2213,..\..\results\human_disk_assessments\segmentation\DeepLab-Feb04_00-32-07_2026\182-W2021009-251_R1_leaf_pred.png
184-W2021009-199_R1_10dpi,2026-02-05T07:53:00,DeepLab,Feb04_00-32-07_2026,60,0.2,0.7,200,112,8,0.05,1252546,31794451,45413508,3.9395,2.7581,..\..\results\human_disk_assessments\segmentation\DeepLab-Feb04_00-32-07_2026\184-W2021009-199_R1_leaf_pred.png
189-W2021009-257_R2_10dpi,2026-02-05T07:53:00,DeepLab,Feb04_00-32-07_2026,60,0.2,0.7,200,112,8,0.05,10885668,36533841,45413508,29.7961,23.9701,..\..\results\human_disk_assessments\segmentation\DeepLab-Feb04_00-32-07_2026\189-W2021009-257_R2_leaf_pred.png
190-W2021010-449_R1_10dpi,2026-02-05T07:53:00,DeepLab,Feb04_00-32-07_2026,60,0.2,0.7,200,112,8,0.05,2027223,38975968,45413508,5.2012,4.4639,..\..\results\human_disk_assessments\segmentation\DeepLab-Feb04_00-32-07_2026\190-W2021010-449_R1_leaf_pred.png
192-W2021010-449_R2_10dpi,2026-02-05T07:53:00,DeepLab,Feb04_00-32-07_2026,60,0.2,0.7,200,112,8,0.05,4115140,34438146,45413508,11.9494,9.0615,..\..\results\human_disk_assessments\segmentation\DeepLab-Feb04_00-32-07_2026\192-W2021010-449_R2_leaf_pred.png
193-W2021010-415_R1_10dpi,2026-02-05T07:53:00,DeepLab,Feb04_00-32-07_2026,60,0.2,0.7,200,112,8,0.05,1450559,36328121,45413508,3.9929,3.1941,..\..\results\human_disk_assessments\segmentation\DeepLab-Feb04_00-32-07_2026\193-W2021010-415_R1_leaf_pred.png
194-W2021010-339_R2_10dpi,2026-02-05T07:53:00,DeepLab,Feb04_00-32-07_2026,60,0.2,0.7,200,112,8,0.05,527793,34093880,45413508,1.5481,1.1622,..\..\results\human_disk_assessments\segmentation\DeepLab-Feb04_00-32-07_2026\194-W2021010-339_R2_leaf_pred.png
206-W2021009-271_R2_10dpi,2026-02-05T07:53:00,DeepLab,Feb04_00-32-07_2026,60,0.2,0.7,200,112,8,0.05,6369523,36800811,45413508,17.3081,14.0256,..\..\results\human_disk_assessments\segmentation\DeepLab-Feb04_00-32-07_2026\206-W2021009-271_R2_leaf_pred.png
207-W2021009-271_R1_10dpi,2026-02-05T07:53:00,DeepLab,Feb04_00-32-07_2026,60,0.2,0.7,200,112,8,0.05,2433931,29306483,45413508,8.3051,5.3595,..\..\results\human_disk_assessments\segmentation\DeepLab-Feb04_00-32-07_2026\207-W2021009-271_R1_leaf_pred.png
207-W2021009-287_R1_10dpi,2026-02-05T07:53:00,DeepLab,Feb04_00-32-07_2026,60,0.2,0.7,200,112,8,0.05,574825,35087401,45413508,1.6383,1.2658,..\..\results\human_disk_assessments\segmentation\DeepLab-Feb04_00-32-07_2026\207-W2021009-287_R1_leaf_pred.png
209-W2021010-439_R2_10dpi,2026-02-05T07:53:00,DeepLab,Feb04_00-32-07_2026,60,0.2,0.7,200,112,8,0.05,3488489,36671419,45413508,9.5128,7.6816,..\..\results\human_disk_assessments\segmentation\DeepLab-Feb04_00-32-07_2026\209-W2021010-439_R2_leaf_pred.png
214-W2021006-045_R2_10dpi,2026-02-05T07:53:00,DeepLab,Feb04_00-32-07_2026,60,0.2,0.7,200,112,8,0.05,2340593,35569344,45413508,6.5804,5.154,..\..\results\human_disk_assessments\segmentation\DeepLab-Feb04_00-32-07_2026\214-W2021006-045_R2_leaf_pred.png
215-W2021006-045_R1_10dpi,2026-02-05T07:53:00,DeepLab,Feb04_00-32-07_2026,60,0.2,0.7,200,112,8,0.05,3712486,33955451,45413508,10.9334,8.1748,..\..\results\human_disk_assessments\segmentation\DeepLab-Feb04_00-32-07_2026\215-W2021006-045_R1_leaf_pred.png
225-W2021010-327_R2_10dpi,2026-02-05T07:53:00,DeepLab,Feb04_00-32-07_2026,60,0.2,0.7,200,112,8,0.05,6672632,36818923,45413508,18.1228,14.6931,..\..\results\human_disk_assessments\segmentation\DeepLab-Feb04_00-32-07_2026\225-W2021010-327_R2_leaf_pred.png
226-W2021009-177_R1_10dpi,2026-02-05T07:53:00,DeepLab,Feb04_00-32-07_2026,60,0.2,0.7,200,112,8,0.05,1244815,36417077,45413508,3.4182,2.7411,..\..\results\human_disk_assessments\segmentation\DeepLab-Feb04_00-32-07_2026\226-W2021009-177_R1_leaf_pred.png
233-W2021006-607_R1_10dpi,2026-02-05T07:53:00,DeepLab,Feb04_00-32-07_2026,60,0.2,0.7,200,112,8,0.05,716114,33629511,45413508,2.1294,1.5769,..\..\results\human_disk_assessments\segmentation\DeepLab-Feb04_00-32-07_2026\233-W2021006-607_R1_leaf_pred.png
238-W2021009-192_R1_10dpi,2026-02-05T07:53:00,DeepLab,Feb04_00-32-07_2026,60,0.2,0.7,200,112,8,0.05,4681696,37986388,45413508,12.3247,10.309,..\..\results\human_disk_assessments\segmentation\DeepLab-Feb04_00-32-07_2026\238-W2021009-192_R1_leaf_pred.png
242-W2021006-132_R2_10dpi,2026-02-05T07:53:00,DeepLab,Feb04_00-32-07_2026,60,0.2,0.7,200,112,8,0.05,10263509,36471895,45413508,28.1409,22.6001,..\..\results\human_disk_assessments\segmentation\DeepLab-Feb04_00-32-07_2026\242-W2021006-132_R2_leaf_pred.png
262-W2021009-187_R2_10dpi,2026-02-05T07:53:00,DeepLab,Feb04_00-32-07_2026,60,0.2,0.7,200,112,8,0.05,5371070,34303910,45413508,15.6573,11.827,..\..\results\human_disk_assessments\segmentation\DeepLab-Feb04_00-32-07_2026\262-W2021009-187_R2_leaf_pred.png
264-W2021009-187_R1_10dpi,2026-02-05T07:53:00,DeepLab,Feb04_00-32-07_2026,60,0.2,0.7,200,112,8,0.05,1313013,34597495,45413508,3.7951,2.8912,..\..\results\human_disk_assessments\segmentation\DeepLab-Feb04_00-32-07_2026\264-W2021009-187_R1_leaf_pred.png
285-W2021006-040_R2_10dpi,2026-02-05T07:53:00,DeepLab,Feb04_00-32-07_2026,60,0.2,0.7,200,112,8,0.05,1617722,34014713,45413508,4.7559,3.5622,..\..\results\human_disk_assessments\segmentation\DeepLab-Feb04_00-32-07_2026\285-W2021006-040_R2_leaf_pred.png
293-W2021006-054_R1_10dpi,2026-02-05T07:53:00,DeepLab,Feb04_00-32-07_2026,60,0.2,0.7,200,112,8,0.05,1627914,35463055,45413508,4.5905,3.5846,..\..\results\human_disk_assessments\segmentation\DeepLab-Feb04_00-32-07_2026\293-W2021006-054_R1_leaf_pred.png
311-W2021010-326_R2_10dpi,2026-02-05T07:53:00,DeepLab,Feb04_00-32-07_2026,60,0.2,0.7,200,112,8,0.05,294173,32432538,45413508,0.907,0.6478,..\..\results\human_disk_assessments\segmentation\DeepLab-Feb04_00-32-07_2026\311-W2021010-326_R2_leaf_pred.png
002-W2021006-081_R1_5dpi,2026-02-05T09:30:12,DeepLab,Feb04_00-32-07_2026,60,0.2,0.7,200,112,8,0.05,660970,35218314,45413508,1.8768,1.4554,..\..\results\human_disk_assessments\segmentation\DeepLab-Feb04_00-32-07_2026\002-W2021006-081_R1_leaf_pred.png
002-W2021010-336_R2_5dpi,2026-02-05T09:30:12,DeepLab,Feb04_00-32-07_2026,60,0.2,0.7,200,112,8,0.05,432122,32908317,45413508,1.3131,0.9515,..\..\results\human_disk_assessments\segmentation\DeepLab-Feb04_00-32-07_2026\002-W2021010-336_R2_leaf_pred.png
005-W2021011-592_R2_5dpi,2026-02-05T09:30:12,DeepLab,Feb04_00-32-07_2026,60,0.2,0.7,200,112,8,0.05,625204,37443098,45413508,1.6697,1.3767,..\..\results\human_disk_assessments\segmentation\DeepLab-Feb04_00-32-07_2026\005-W2021011-592_R2_leaf_pred.png
009-W2021010-311_R2_5dpi,2026-02-05T09:30:12,DeepLab,Feb04_00-32-07_2026,60,0.2,0.7,200,112,8,0.05,671102,36117372,45413508,1.8581,1.4778,..\..\results\human_disk_assessments\segmentation\DeepLab-Feb04_00-32-07_2026\009-W2021010-311_R2_leaf_pred.png
010-W2021010-347_R2_5dpi,2026-02-05T09:30:12,DeepLab,Feb04_00-32-07_2026,60,0.2,0.7,200,112,8,0.05,908731,34469051,45413508,2.6364,2.001,..\..\results\human_disk_assessments\segmentation\DeepLab-Feb04_00-32-07_2026\010-W2021010-347_R2_leaf_pred.png
013-W2021009-172_R2_5dpi,2026-02-05T09:30:12,DeepLab,Feb04_00-32-07_2026,60,0.2,0.7,200,112,8,0.05,103388,35419854,45413508,0.2919,0.2277,..\..\results\human_disk_assessments\segmentation\DeepLab-Feb04_00-32-07_2026\013-W2021009-172_R2_leaf_pred.png
015-W2021009-160_R1_5dpi,2026-02-05T09:30:12,DeepLab,Feb04_00-32-07_2026,60,0.2,0.7,200,112,8,0.05,490455,34495740,45413508,1.4218,1.08,..\..\results\human_disk_assessments\segmentation\DeepLab-Feb04_00-32-07_2026\015-W2021009-160_R1_leaf_pred.png
015-W2021011-633_R1_5dpi,2026-02-05T09:30:12,DeepLab,Feb04_00-32-07_2026,60,0.2,0.7,200,112,8,0.05,1111696,38194664,45413508,2.9106,2.4479,..\..\results\human_disk_assessments\segmentation\DeepLab-Feb04_00-32-07_2026\015-W2021011-633_R1_leaf_pred.png
017-W2021006-612_R2_5dpi,2026-02-05T09:30:12,DeepLab,Feb04_00-32-07_2026,60,0.2,0.7,200,112,8,0.05,813754,30555331,45413508,2.6632,1.7919,..\..\results\human_disk_assessments\segmentation\DeepLab-Feb04_00-32-07_2026\017-W2021006-612_R2_leaf_pred.png
019-W2021010-428_R2_5dpi,2026-02-05T09:30:12,DeepLab,Feb04_00-32-07_2026,60,0.2,0.7,200,112,8,0.05,712644,33619113,45413508,2.1198,1.5692,..\..\results\human_disk_assessments\segmentation\DeepLab-Feb04_00-32-07_2026\019-W2021010-428_R2_leaf_pred.png
021-W2021009-175_R1_5dpi,2026-02-05T09:30:12,DeepLab,Feb04_00-32-07_2026,60,0.2,0.7,200,112,8,0.05,195652,36781669,45413508,0.5319,0.4308,..\..\results\human_disk_assessments\segmentation\DeepLab-Feb04_00-32-07_2026\021-W2021009-175_R1_leaf_pred.png
022-W2021009-198_R2_5dpi,2026-02-05T09:30:12,DeepLab,Feb04_00-32-07_2026,60,0.2,0.7,200,112,8,0.05,620532,37188658,45413508,1.6686,1.3664,..\..\results\human_disk_assessments\segmentation\DeepLab-Feb04_00-32-07_2026\022-W2021009-198_R2_leaf_pred.png
023-W2021006-049_R1_5dpi,2026-02-05T09:30:12,DeepLab,Feb04_00-32-07_2026,60,0.2,0.7,200,112,8,0.05,512929,33264255,45413508,1.542,1.1295,..\..\results\human_disk_assessments\segmentation\DeepLab-Feb04_00-32-07_2026\023-W2021006-049_R1_leaf_pred.png
023-W2021010-305_R2_5dpi,2026-02-05T09:30:12,DeepLab,Feb04_00-32-07_2026,60,0.2,0.7,200,112,8,0.05,411670,33335208,45413508,1.2349,0.9065,..\..\results\human_disk_assessments\segmentation\DeepLab-Feb04_00-32-07_2026\023-W2021010-305_R2_leaf_pred.png
026-W2021009-622_R2_5dpi,2026-02-05T09:30:12,DeepLab,Feb04_00-32-07_2026,60,0.2,0.7,200,112,8,0.05,1015332,36855999,45413508,2.7549,2.2357,..\..\results\human_disk_assessments\segmentation\DeepLab-Feb04_00-32-07_2026\026-W2021009-622_R2_leaf_pred.png
032-W2021006-041_R2_5dpi,2026-02-05T09:30:12,DeepLab,Feb04_00-32-07_2026,60,0.2,0.7,200,112,8,0.05,809908,39092932,45413508,2.0718,1.7834,..\..\results\human_disk_assessments\segmentation\DeepLab-Feb04_00-32-07_2026\032-W2021006-041_R2_leaf_pred.png
032-W2021009-155_R1_5dpi,2026-02-05T09:30:12,DeepLab,Feb04_00-32-07_2026,60,0.2,0.7,200,112,8,0.05,2683357,37369195,45413508,7.1807,5.9087,..\..\results\human_disk_assessments\segmentation\DeepLab-Feb04_00-32-07_2026\032-W2021009-155_R1_leaf_pred.png
036-W2021006-047_R2_5dpi,2026-02-05T09:30:12,DeepLab,Feb04_00-32-07_2026,60,0.2,0.7,200,112,8,0.05,544537,35285800,45413508,1.5432,1.1991,..\..\results\human_disk_assessments\segmentation\DeepLab-Feb04_00-32-07_2026\036-W2021006-047_R2_leaf_pred.png
040-W2021009-207_R1_5dpi,2026-02-05T09:30:12,DeepLab,Feb04_00-32-07_2026,60,0.2,0.7,200,112,8,0.05,738917,35514866,45413508,2.0806,1.6271,..\..\results\human_disk_assessments\segmentation\DeepLab-Feb04_00-32-07_2026\040-W2021009-207_R1_leaf_pred.png
042-W2021010-429_R1_5dpi,2026-02-05T09:30:12,DeepLab,Feb04_00-32-07_2026,60,0.2,0.7,200,112,8,0.05,1417247,37468520,45413508,3.7825,3.1208,..\..\results\human_disk_assessments\segmentation\DeepLab-Feb04_00-32-07_2026\042-W2021010-429_R1_leaf_pred.png
044-W2021009-169_R2_5dpi,2026-02-05T09:30:12,DeepLab,Feb04_00-32-07_2026,60,0.2,0.7,200,112,8,0.05,252668,35043126,45413508,0.721,0.5564,..\..\results\human_disk_assessments\segmentation\DeepLab-Feb04_00-32-07_2026\044-W2021009-169_R2_leaf_pred.png
044-W2021009-618_R1_5dpi,2026-02-05T09:30:12,DeepLab,Feb04_00-32-07_2026,60,0.2,0.7,200,112,8,0.05,440280,35150617,45413508,1.2526,0.9695,..\..\results\human_disk_assessments\segmentation\DeepLab-Feb04_00-32-07_2026\044-W2021009-618_R1_leaf_pred.png
047-W2021011-482_R1_5dpi,2026-02-05T09:30:12,DeepLab,Feb04_00-32-07_2026,60,0.2,0.7,200,112,8,0.05,1516244,34309866,45413508,4.4193,3.3388,..\..\results\human_disk_assessments\segmentation\DeepLab-Feb04_00-32-07_2026\047-W2021011-482_R1_leaf_pred.png
048-W2021006-147_R1_5dpi,2026-02-05T09:30:12,DeepLab,Feb04_00-32-07_2026,60,0.2,0.7,200,112,8,0.05,192945,24330416,45413508,0.793,0.4249,..\..\results\human_disk_assessments\segmentation\DeepLab-Feb04_00-32-07_2026\048-W2021006-147_R1_leaf_pred.png
052-W2021006-004_R2_5dpi,2026-02-05T09:30:12,DeepLab,Feb04_00-32-07_2026,60,0.2,0.7,200,112,8,0.05,477211,32139632,45413508,1.4848,1.0508,..\..\results\human_disk_assessments\segmentation\DeepLab-Feb04_00-32-07_2026\052-W2021006-004_R2_leaf_pred.png
055-W2021010-341_R2_5dpi,2026-02-05T09:30:12,DeepLab,Feb04_00-32-07_2026,60,0.2,0.7,200,112,8,0.05,537765,34718735,45413508,1.5489,1.1842,..\..\results\human_disk_assessments\segmentation\DeepLab-Feb04_00-32-07_2026\055-W2021010-341_R2_leaf_pred.png
055-W2021010-397_R2_5dpi,2026-02-05T09:30:12,DeepLab,Feb04_00-32-07_2026,60,0.2,0.7,200,112,8,0.05,1106696,36274485,45413508,3.0509,2.4369,..\..\results\human_disk_assessments\segmentation\DeepLab-Feb04_00-32-07_2026\055-W2021010-397_R2_leaf_pred.png
056-W2021006-609_R1_5dpi,2026-02-05T09:30:12,DeepLab,Feb04_00-32-07_2026,60,0.2,0.7,200,112,8,0.05,812507,35992690,45413508,2.2574,1.7891,..\..\results\human_disk_assessments\segmentation\DeepLab-Feb04_00-32-07_2026\056-W2021006-609_R1_leaf_pred.png
059-W2021010-434_R1_5dpi,2026-02-05T09:30:12,DeepLab,Feb04_00-32-07_2026,60,0.2,0.7,200,112,8,0.05,626023,38545520,45413508,1.6241,1.3785,..\..\results\human_disk_assessments\segmentation\DeepLab-Feb04_00-32-07_2026\059-W2021010-434_R1_leaf_pred.png
060-W2021010-324_R2_5dpi,2026-02-05T09:30:12,DeepLab,Feb04_00-32-07_2026,60,0.2,0.7,200,112,8,0.05,415945,35585292,45413508,1.1689,0.9159,..\..\results\human_disk_assessments\segmentation\DeepLab-Feb04_00-32-07_2026\060-W2021010-324_R2_leaf_pred.png
061-W2021011-483_R1_5dpi,2026-02-05T09:30:12,DeepLab,Feb04_00-32-07_2026,60,0.2,0.7,200,112,8,0.05,819935,35588841,45413508,2.3039,1.8055,..\..\results\human_disk_assessments\segmentation\DeepLab-Feb04_00-32-07_2026\061-W2021011-483_R1_leaf_pred.png
070-W2021011-486_R2_5dpi,2026-02-05T09:30:12,DeepLab,Feb04_00-32-07_2026,60,0.2,0.7,200,112,8,0.05,842976,26977993,45413508,3.1247,1.8562,..\..\results\human_disk_assessments\segmentation\DeepLab-Feb04_00-32-07_2026\070-W2021011-486_R2_leaf_pred.png
071-W2021010-323_R1_5dpi,2026-02-05T09:30:12,DeepLab,Feb04_00-32-07_2026,60,0.2,0.7,200,112,8,0.05,1229470,34081350,45413508,3.6075,2.7073,..\..\results\human_disk_assessments\segmentation\DeepLab-Feb04_00-32-07_2026\071-W2021010-323_R1_leaf_pred.png
077-W2021010-351_R2_5dpi,2026-02-05T09:30:12,DeepLab,Feb04_00-32-07_2026,60,0.2,0.7,200,112,8,0.05,564824,34757593,45413508,1.625,1.2437,..\..\results\human_disk_assessments\segmentation\DeepLab-Feb04_00-32-07_2026\077-W2021010-351_R2_leaf_pred.png
084-W2021010-319_R1_5dpi,2026-02-05T09:30:12,DeepLab,Feb04_00-32-07_2026,60,0.2,0.7,200,112,8,0.05,461418,34581710,45413508,1.3343,1.016,..\..\results\human_disk_assessments\segmentation\DeepLab-Feb04_00-32-07_2026\084-W2021010-319_R1_leaf_pred.png
085-W2021010-630_R1_5dpi,2026-02-05T09:30:12,DeepLab,Feb04_00-32-07_2026,60,0.2,0.7,200,112,8,0.05,218106,35539283,45413508,0.6137,0.4803,..\..\results\human_disk_assessments\segmentation\DeepLab-Feb04_00-32-07_2026\085-W2021010-630_R1_leaf_pred.png
091-W2021006-056_R2_5dpi,2026-02-05T09:30:12,DeepLab,Feb04_00-32-07_2026,60,0.2,0.7,200,112,8,0.05,722908,34048634,45413508,2.1232,1.5918,..\..\results\human_disk_assessments\segmentation\DeepLab-Feb04_00-32-07_2026\091-W2021006-056_R2_leaf_pred.png
094-W2021010-315_R2_5dpi,2026-02-05T09:30:12,DeepLab,Feb04_00-32-07_2026,60,0.2,0.7,200,112,8,0.05,250669,35550033,45413508,0.7051,0.552,..\..\results\human_disk_assessments\segmentation\DeepLab-Feb04_00-32-07_2026\094-W2021010-315_R2_leaf_pred.png
095-W2021011-553_R2_5dpi,2026-02-05T09:30:12,DeepLab,Feb04_00-32-07_2026,60,0.2,0.7,200,112,8,0.05,678875,32024708,45413508,2.1198,1.4949,..\..\results\human_disk_assessments\segmentation\DeepLab-Feb04_00-32-07_2026\095-W2021011-553_R2_leaf_pred.png
097-W2021006-617_R2_5dpi,2026-02-05T09:30:12,DeepLab,Feb04_00-32-07_2026,60,0.2,0.7,200,112,8,0.05,1068081,36394189,45413508,2.9348,2.3519,..\..\results\human_disk_assessments\segmentation\DeepLab-Feb04_00-32-07_2026\097-W2021006-617_R2_leaf_pred.png
097-W2021009-163_R1_5dpi,2026-02-05T09:30:12,DeepLab,Feb04_00-32-07_2026,60,0.2,0.7,200,112,8,0.05,1066268,35756447,45413508,2.982,2.3479,..\..\results\human_disk_assessments\segmentation\DeepLab-Feb04_00-32-07_2026\097-W2021009-163_R1_leaf_pred.png
099-W2021006-611_R2_5dpi,2026-02-05T09:30:12,DeepLab,Feb04_00-32-07_2026,60,0.2,0.7,200,112,8,0.05,1334277,37747790,45413508,3.5347,2.9381,..\..\results\human_disk_assessments\segmentation\DeepLab-Feb04_00-32-07_2026\099-W2021006-611_R2_leaf_pred.png
101-W2021011-565_R1_5dpi,2026-02-05T09:30:12,DeepLab,Feb04_00-32-07_2026,60,0.2,0.7,200,112,8,0.05,3087895,38176446,45413508,8.0885,6.7995,..\..\results\human_disk_assessments\segmentation\DeepLab-Feb04_00-32-07_2026\101-W2021011-565_R1_leaf_pred.png
105-W2021011-558_R1_5dpi,2026-02-05T09:30:12,DeepLab,Feb04_00-32-07_2026,60,0.2,0.7,200,112,8,0.05,748681,33770038,45413508,2.217,1.6486,..\..\results\human_disk_assessments\segmentation\DeepLab-Feb04_00-32-07_2026\105-W2021011-558_R1_leaf_pred.png
110-W2021011-454_R2_5dpi,2026-02-05T09:30:12,DeepLab,Feb04_00-32-07_2026,60,0.2,0.7,200,112,8,0.05,564825,37633353,45413508,1.5009,1.2437,..\..\results\human_disk_assessments\segmentation\DeepLab-Feb04_00-32-07_2026\110-W2021011-454_R2_leaf_pred.png
111-W2021011-588_R2_5dpi,2026-02-05T09:30:12,DeepLab,Feb04_00-32-07_2026,60,0.2,0.7,200,112,8,0.05,627266,36539267,45413508,1.7167,1.3812,..\..\results\human_disk_assessments\segmentation\DeepLab-Feb04_00-32-07_2026\111-W2021011-588_R2_leaf_pred.png
121-W2021009-185_R1_5dpi,2026-02-05T09:30:12,DeepLab,Feb04_00-32-07_2026,60,0.2,0.7,200,112,8,0.05,708046,32409791,45413508,2.1847,1.5591,..\..\results\human_disk_assessments\segmentation\DeepLab-Feb04_00-32-07_2026\121-W2021009-185_R1_leaf_pred.png
123-W2021009-255_R2_5dpi,2026-02-05T09:30:12,DeepLab,Feb04_00-32-07_2026,60,0.2,0.7,200,112,8,0.05,640786,37451564,45413508,1.711,1.411,..\..\results\human_disk_assessments\segmentation\DeepLab-Feb04_00-32-07_2026\123-W2021009-255_R2_leaf_pred.png
123-W2021009-621_R2_5dpi,2026-02-05T09:30:12,DeepLab,Feb04_00-32-07_2026,60,0.2,0.7,200,112,8,0.05,521809,35890599,45413508,1.4539,1.149,..\..\results\human_disk_assessments\segmentation\DeepLab-Feb04_00-32-07_2026\123-W2021009-621_R2_leaf_pred.png
127-W2021006-143_R2_5dpi,2026-02-05T09:30:12,DeepLab,Feb04_00-32-07_2026,60,0.2,0.7,200,112,8,0.05,566989,34694427,45413508,1.6342,1.2485,..\..\results\human_disk_assessments\segmentation\DeepLab-Feb04_00-32-07_2026\127-W2021006-143_R2_leaf_pred.png
127-W2021009-292_R2_5dpi,2026-02-05T09:30:12,DeepLab,Feb04_00-32-07_2026,60,0.2,0.7,200,112,8,0.05,4559040,36934460,45413508,12.3436,10.039,..\..\results\human_disk_assessments\segmentation\DeepLab-Feb04_00-32-07_2026\127-W2021009-292_R2_leaf_pred.png
128-W2021006-013_R1_5dpi,2026-02-05T09:30:12,DeepLab,Feb04_00-32-07_2026,60,0.2,0.7,200,112,8,0.05,1373349,33102041,45413508,4.1488,3.0241,..\..\results\human_disk_assessments\segmentation\DeepLab-Feb04_00-32-07_2026\128-W2021006-013_R1_leaf_pred.png
129-W2021006-119_R2_5dpi,2026-02-05T09:30:12,DeepLab,Feb04_00-32-07_2026,60,0.2,0.7,200,112,8,0.05,1094353,36829286,45413508,2.9714,2.4098,..\..\results\human_disk_assessments\segmentation\DeepLab-Feb04_00-32-07_2026\129-W2021006-119_R2_leaf_pred.png
132-W2021010-399_R1_5dpi,2026-02-05T09:30:12,DeepLab,Feb04_00-32-07_2026,60,0.2,0.7,200,112,8,0.05,466172,34870796,45413508,1.3369,1.0265,..\..\results\human_disk_assessments\segmentation\DeepLab-Feb04_00-32-07_2026\132-W2021010-399_R1_leaf_pred.png
132-W2021011-644_R2_5dpi,2026-02-05T09:30:12,DeepLab,Feb04_00-32-07_2026,60,0.2,0.7,200,112,8,0.05,470844,38002329,45413508,1.239,1.0368,..\..\results\human_disk_assessments\segmentation\DeepLab-Feb04_00-32-07_2026\132-W2021011-644_R2_leaf_pred.png
134-W2021006-001_R1_5dpi,2026-02-05T09:30:12,DeepLab,Feb04_00-32-07_2026,60,0.2,0.7,200,112,8,0.05,821293,35030086,45413508,2.3445,1.8085,..\..\results\human_disk_assessments\segmentation\DeepLab-Feb04_00-32-07_2026\134-W2021006-001_R1_leaf_pred.png
134-W2021009-275_R1_5dpi,2026-02-05T09:30:12,DeepLab,Feb04_00-32-07_2026,60,0.2,0.7,200,112,8,0.05,1181680,35558364,45413508,3.3232,2.602,..\..\results\human_disk_assessments\segmentation\DeepLab-Feb04_00-32-07_2026\134-W2021009-275_R1_leaf_pred.png
137-W2021010-342_R2_5dpi,2026-02-05T09:30:12,DeepLab,Feb04_00-32-07_2026,60,0.2,0.7,200,112,8,0.05,757047,36439941,45413508,2.0775,1.667,..\..\results\human_disk_assessments\segmentation\DeepLab-Feb04_00-32-07_2026\137-W2021010-342_R2_leaf_pred.png
138-W2021010-446_R1_5dpi,2026-02-05T09:30:12,DeepLab,Feb04_00-32-07_2026,60,0.2,0.7,200,112,8,0.05,572414,36753187,45413508,1.5575,1.2604,..\..\results\human_disk_assessments\segmentation\DeepLab-Feb04_00-32-07_2026\138-W2021010-446_R1_leaf_pred.png
141-W2021009-274_R1_5dpi,2026-02-05T09:30:12,DeepLab,Feb04_00-32-07_2026,60,0.2,0.7,200,112,8,0.05,4134388,39325102,45413508,10.5134,9.1039,..\..\results\human_disk_assessments\segmentation\DeepLab-Feb04_00-32-07_2026\141-W2021009-274_R1_leaf_pred.png
143-W2021010-313_R2_5dpi,2026-02-05T09:30:12,DeepLab,Feb04_00-32-07_2026,60,0.2,0.7,200,112,8,0.05,449556,35371947,45413508,1.2709,0.9899,..\..\results\human_disk_assessments\segmentation\DeepLab-Feb04_00-32-07_2026\143-W2021010-313_R2_leaf_pred.png
148-W2021011-462_R2_5dpi,2026-02-05T09:30:12,DeepLab,Feb04_00-32-07_2026,60,0.2,0.7,200,112,8,0.05,703536,36879701,45413508,1.9077,1.5492,..\..\results\human_disk_assessments\segmentation\DeepLab-Feb04_00-32-07_2026\148-W2021011-462_R2_leaf_pred.png
149-W2021010-417_R1_5dpi,2026-02-05T09:30:12,DeepLab,Feb04_00-32-07_2026,60,0.2,0.7,200,112,8,0.05,1091037,36340101,45413508,3.0023,2.4025,..\..\results\human_disk_assessments\segmentation\DeepLab-Feb04_00-32-07_2026\149-W2021010-417_R1_leaf_pred.png
154-W2021010-419_R1_5dpi,2026-02-05T09:30:12,DeepLab,Feb04_00-32-07_2026,60,0.2,0.7,200,112,8,0.05,509753,36499539,45413508,1.3966,1.1225,..\..\results\human_disk_assessments\segmentation\DeepLab-Feb04_00-32-07_2026\154-W2021010-419_R1_leaf_pred.png
155-W2021011-639_R1_5dpi,2026-02-05T09:30:12,DeepLab,Feb04_00-32-07_2026,60,0.2,0.7,200,112,8,0.05,554316,34607646,45413508,1.6017,1.2206,..\..\results\human_disk_assessments\segmentation\DeepLab-Feb04_00-32-07_2026\155-W2021011-639_R1_leaf_pred.png
156-W2021009-276_R2_5dpi,2026-02-05T09:30:12,DeepLab,Feb04_00-32-07_2026,60,0.2,0.7,200,112,8,0.05,527322,38811771,45413508,1.3587,1.1612,..\..\results\human_disk_assessments\segmentation\DeepLab-Feb04_00-32-07_2026\156-W2021009-276_R2_leaf_pred.png
158-W2021006-114_R1_5dpi,2026-02-05T09:30:12,DeepLab,Feb04_00-32-07_2026,60,0.2,0.7,200,112,8,0.05,1910169,35460292,45413508,5.3868,4.2062,..\..\results\human_disk_assessments\segmentation\DeepLab-Feb04_00-32-07_2026\158-W2021006-114_R1_leaf_pred.png
167-W2021006-003_R2_5dpi,2026-02-05T09:30:12,DeepLab,Feb04_00-32-07_2026,60,0.2,0.7,200,112,8,0.05,403133,32184597,45413508,1.2526,0.8877,..\..\results\human_disk_assessments\segmentation\DeepLab-Feb04_00-32-07_2026\167-W2021006-003_R2_leaf_pred.png
169-W2021009-623_R2_5dpi,2026-02-05T09:30:12,DeepLab,Feb04_00-32-07_2026,60,0.2,0.7,200,112,8,0.05,4266606,39275320,45413508,10.8633,9.395,..\..\results\human_disk_assessments\segmentation\DeepLab-Feb04_00-32-07_2026\169-W2021009-623_R2_leaf_pred.png
169-W2021011-477_R1_5dpi,2026-02-05T09:30:12,DeepLab,Feb04_00-32-07_2026,60,0.2,0.7,200,112,8,0.05,1427874,35758048,45413508,3.9932,3.1442,..\..\results\human_disk_assessments\segmentation\DeepLab-Feb04_00-32-07_2026\169-W2021011-477_R1_leaf_pred.png
172-W2021011-557_R2_5dpi,2026-02-05T09:30:12,DeepLab,Feb04_00-32-07_2026,60,0.2,0.7,200,112,8,0.05,708506,38895660,45413508,1.8216,1.5601,..\..\results\human_disk_assessments\segmentation\DeepLab-Feb04_00-32-07_2026\172-W2021011-557_R2_leaf_pred.png
173-W2021006-127_R2_5dpi,2026-02-05T09:30:12,DeepLab,Feb04_00-32-07_2026,60,0.2,0.7,200,112,8,0.05,553593,36401036,45413508,1.5208,1.219,..\..\results\human_disk_assessments\segmentation\DeepLab-Feb04_00-32-07_2026\173-W2021006-127_R2_leaf_pred.png
174-W2021009-156_R2_5dpi,2026-02-05T09:30:12,DeepLab,Feb04_00-32-07_2026,60,0.2,0.7,200,112,8,0.05,288334,31705731,45413508,0.9094,0.6349,..\..\results\human_disk_assessments\segmentation\DeepLab-Feb04_00-32-07_2026\174-W2021009-156_R2_leaf_pred.png
176-W2021009-256_R2_5dpi,2026-02-05T09:30:12,DeepLab,Feb04_00-32-07_2026,60,0.2,0.7,200,112,8,0.05,302825,26036500,45413508,1.1631,0.6668,..\..\results\human_disk_assessments\segmentation\DeepLab-Feb04_00-32-07_2026\176-W2021009-256_R2_leaf_pred.png
177-W2021009-194_R1_5dpi,2026-02-05T09:30:12,DeepLab,Feb04_00-32-07_2026,60,0.2,0.7,200,112,8,0.05,636635,34549430,45413508,1.8427,1.4019,..\..\results\human_disk_assessments\segmentation\DeepLab-Feb04_00-32-07_2026\177-W2021009-194_R1_leaf_pred.png
180-W2021009-152_R1_5dpi,2026-02-05T09:30:12,DeepLab,Feb04_00-32-07_2026,60,0.2,0.7,200,112,8,0.05,607048,31834420,45413508,1.9069,1.3367,..\..\results\human_disk_assessments\segmentation\DeepLab-Feb04_00-32-07_2026\180-W2021009-152_R1_leaf_pred.png
180-W2021011-476_R2_5dpi,2026-02-05T09:30:12,DeepLab,Feb04_00-32-07_2026,60,0.2,0.7,200,112,8,0.05,1735802,33383543,45413508,5.1996,3.8222,..\..\results\human_disk_assessments\segmentation\DeepLab-Feb04_00-32-07_2026\180-W2021011-476_R2_leaf_pred.png
182-W2021009-251_R1_5dpi,2026-02-05T09:30:12,DeepLab,Feb04_00-32-07_2026,60,0.2,0.7,200,112,8,0.05,926940,39814479,45413508,2.3281,2.0411,..\..\results\human_disk_assessments\segmentation\DeepLab-Feb04_00-32-07_2026\182-W2021009-251_R1_leaf_pred.png
183-W2021009-295_R1_5dpi,2026-02-05T09:30:12,DeepLab,Feb04_00-32-07_2026,60,0.2,0.7,200,112,8,0.05,329000,31419570,45413508,1.0471,0.7245,..\..\results\human_disk_assessments\segmentation\DeepLab-Feb04_00-32-07_2026\183-W2021009-295_R1_leaf_pred.png
185-W2021009-199_R1_5dpi,2026-02-05T09:30:12,DeepLab,Feb04_00-32-07_2026,60,0.2,0.7,200,112,8,0.05,719785,34637695,45413508,2.078,1.585,..\..\results\human_disk_assessments\segmentation\DeepLab-Feb04_00-32-07_2026\185-W2021009-199_R1_leaf_pred.png
185-W2021009-291_R2_5dpi,2026-02-05T09:30:12,DeepLab,Feb04_00-32-07_2026,60,0.2,0.7,200,112,8,0.05,687740,38695141,45413508,1.7773,1.5144,..\..\results\human_disk_assessments\segmentation\DeepLab-Feb04_00-32-07_2026\185-W2021009-291_R2_leaf_pred.png
187-W2021010-348_R2_5dpi,2026-02-05T09:30:12,DeepLab,Feb04_00-32-07_2026,60,0.2,0.7,200,112,8,0.05,3107770,33386030,45413508,9.3086,6.8433,..\..\results\human_disk_assessments\segmentation\DeepLab-Feb04_00-32-07_2026\187-W2021010-348_R2_leaf_pred.png
191-W2021010-426_R2_5dpi,2026-02-05T09:30:12,DeepLab,Feb04_00-32-07_2026,60,0.2,0.7,200,112,8,0.05,985242,40178505,45413508,2.4522,2.1695,..\..\results\human_disk_assessments\segmentation\DeepLab-Feb04_00-32-07_2026\191-W2021010-426_R2_leaf_pred.png
191-W2021010-449_R1_5dpi,2026-02-05T09:30:12,DeepLab,Feb04_00-32-07_2026,60,0.2,0.7,200,112,8,0.05,1464984,37860589,45413508,3.8694,3.2259,..\..\results\human_disk_assessments\segmentation\DeepLab-Feb04_00-32-07_2026\191-W2021010-449_R1_leaf_pred.png
192-W2021006-005_R1_5dpi,2026-02-05T09:30:12,DeepLab,Feb04_00-32-07_2026,60,0.2,0.7,200,112,8,0.05,467346,33949220,45413508,1.3766,1.0291,..\..\results\human_disk_assessments\segmentation\DeepLab-Feb04_00-32-07_2026\192-W2021006-005_R1_leaf_pred.png
206-W2021010-344_R1_5dpi,2026-02-05T09:30:12,DeepLab,Feb04_00-32-07_2026,60,0.2,0.7,200,112,8,0.05,728676,34027057,45413508,2.1415,1.6045,..\..\results\human_disk_assessments\segmentation\DeepLab-Feb04_00-32-07_2026\206-W2021010-344_R1_leaf_pred.png
207-W2021009-287_R2_5dpi,2026-02-05T09:30:12,DeepLab,Feb04_00-32-07_2026,60,0.2,0.7,200,112,8,0.05,377683,36424401,45413508,1.0369,0.8317,..\..\results\human_disk_assessments\segmentation\DeepLab-Feb04_00-32-07_2026\207-W2021009-287_R2_leaf_pred.png
208-W2021009-268_R2_5dpi,2026-02-05T09:30:12,DeepLab,Feb04_00-32-07_2026,60,0.2,0.7,200,112,8,0.05,990870,37361263,45413508,2.6521,2.1819,..\..\results\human_disk_assessments\segmentation\DeepLab-Feb04_00-32-07_2026\208-W2021009-268_R2_leaf_pred.png
209-W2021010-439_R2_5dpi,2026-02-05T09:30:12,DeepLab,Feb04_00-32-07_2026,60,0.2,0.7,200,112,8,0.05,1451946,36388263,45413508,3.9901,3.1972,..\..\results\human_disk_assessments\segmentation\DeepLab-Feb04_00-32-07_2026\209-W2021010-439_R2_leaf_pred.png
211-W2021011-598_R2_5dpi,2026-02-05T09:30:12,DeepLab,Feb04_00-32-07_2026,60,0.2,0.7,200,112,8,0.05,1139675,38393981,45413508,2.9684,2.5096,..\..\results\human_disk_assessments\segmentation\DeepLab-Feb04_00-32-07_2026\211-W2021011-598_R2_leaf_pred.png
215-W2021006-045_R2_5dpi,2026-02-05T09:30:12,DeepLab,Feb04_00-32-07_2026,60,0.2,0.7,200,112,8,0.05,795762,33554252,45413508,2.3716,1.7523,..\..\results\human_disk_assessments\segmentation\DeepLab-Feb04_00-32-07_2026\215-W2021006-045_R2_leaf_pred.png
223-W2021010-442_R2_5dpi,2026-02-05T09:30:12,DeepLab,Feb04_00-32-07_2026,60,0.2,0.7,200,112,8,0.05,962560,34426287,45413508,2.796,2.1195,..\..\results\human_disk_assessments\segmentation\DeepLab-Feb04_00-32-07_2026\223-W2021010-442_R2_leaf_pred.png
226-W2021010-435_R1_5dpi,2026-02-05T09:30:12,DeepLab,Feb04_00-32-07_2026,60,0.2,0.7,200,112,8,0.05,1173464,35148963,45413508,3.3385,2.584,..\..\results\human_disk_assessments\segmentation\DeepLab-Feb04_00-32-07_2026\226-W2021010-435_R1_leaf_pred.png
230-W2021010-373_R2_5dpi,2026-02-05T09:30:12,DeepLab,Feb04_00-32-07_2026,60,0.2,0.7,200,112,8,0.05,4491878,36488937,45413508,12.3102,9.8911,..\..\results\human_disk_assessments\segmentation\DeepLab-Feb04_00-32-07_2026\230-W2021010-373_R2_leaf_pred.png
233-W2021009-215_R2_5dpi,2026-02-05T09:30:12,DeepLab,Feb04_00-32-07_2026,60,0.2,0.7,200,112,8,0.05,804660,36885896,45413508,2.1815,1.7719,..\..\results\human_disk_assessments\segmentation\DeepLab-Feb04_00-32-07_2026\233-W2021009-215_R2_leaf_pred.png
240-Symphony_R2_5dpi,2026-02-05T09:30:12,DeepLab,Feb04_00-32-07_2026,60,0.2,0.7,200,112,8,0.05,3214822,37414139,45413508,8.5925,7.079,..\..\results\human_disk_assessments\segmentation\DeepLab-Feb04_00-32-07_2026\240-Symphony_R2_leaf_pred.png
254-W2021010-352_R2_5dpi,2026-02-05T09:30:12,DeepLab,Feb04_00-32-07_2026,60,0.2,0.7,200,112,8,0.05,368318,29751519,45413508,1.238,0.811,..\..\results\human_disk_assessments\segmentation\DeepLab-Feb04_00-32-07_2026\254-W2021010-352_R2_leaf_pred.png
266-W2021009-193_R1_5dpi,2026-02-05T09:30:12,DeepLab,Feb04_00-32-07_2026,60,0.2,0.7,200,112,8,0.05,901736,33112115,45413508,2.7233,1.9856,..\..\results\human_disk_assessments\segmentation\DeepLab-Feb04_00-32-07_2026\266-W2021009-193_R1_leaf_pred.png
313-W2021010-343_R1_5dpi,2026-02-05T09:30:12,DeepLab,Feb04_00-32-07_2026,60,0.2,0.7,200,112,8,0.05,448759,33134508,45413508,1.3544,0.9882,..\..\results\human_disk_assessments\segmentation\DeepLab-Feb04_00-32-07_2026\313-W2021010-343_R1_leaf_pred.png
336-W2021011-506_R2_5dpi,2026-02-05T09:30:12,DeepLab,Feb04_00-32-07_2026,60,0.2,0.7,200,112,8,0.05,1370730,35981838,45413508,3.8095,3.0183,..\..\results\human_disk_assessments\segmentation\DeepLab-Feb04_00-32-07_2026\336-W2021011-506_R2_leaf_pred.png
